/*
 Navicat Premium Data Transfer

 Source Server         : 88
 Source Server Type    : MySQL
 Source Server Version : 50622
 Source Host           : 192.168.12.88:3306
 Source Schema         : intranet_dev

 Target Server Type    : MySQL
 Target Server Version : 50622
 File Encoding         : 65001

 Date: 12/11/2018 17:30:52
*/

SET NAMES utf8mb4;
SET FOREIGN_KEY_CHECKS = 0;

-- ----------------------------
-- Table structure for dealer
-- ----------------------------
DROP TABLE IF EXISTS `dealer`;
CREATE TABLE `dealer`  (
  `id` char(36) CHARACTER SET latin1 COLLATE latin1_swedish_ci NULL DEFAULT NULL,
  `NO_DLR` varchar(3) CHARACTER SET latin1 COLLATE latin1_swedish_ci NOT NULL,
  `NM_DLR` varchar(30) CHARACTER SET latin1 COLLATE latin1_swedish_ci NULL DEFAULT NULL,
  `AL1_DLR` varchar(30) CHARACTER SET latin1 COLLATE latin1_swedish_ci NULL DEFAULT NULL,
  `AL2_DLR` varchar(30) CHARACTER SET latin1 COLLATE latin1_swedish_ci NULL DEFAULT NULL,
  `KODE_POS` decimal(6, 0) NULL DEFAULT NULL,
  `TLP_DLR` varchar(25) CHARACTER SET latin1 COLLATE latin1_swedish_ci NULL DEFAULT NULL,
  `FAX_DLR` varchar(15) CHARACTER SET latin1 COLLATE latin1_swedish_ci NULL DEFAULT NULL,
  `PIC_DLR` varchar(25) CHARACTER SET latin1 COLLATE latin1_swedish_ci NULL DEFAULT NULL,
  `DISC_BONUS` decimal(12, 0) NULL DEFAULT NULL,
  `NO_GRP` varchar(3) CHARACTER SET latin1 COLLATE latin1_swedish_ci NOT NULL,
  `NO_WIL` varchar(3) CHARACTER SET latin1 COLLATE latin1_swedish_ci NOT NULL,
  `NM_DLRP` varchar(50) CHARACTER SET latin1 COLLATE latin1_swedish_ci NULL DEFAULT NULL,
  `AL1_DLRP` varchar(50) CHARACTER SET latin1 COLLATE latin1_swedish_ci NULL DEFAULT NULL,
  `AL2_DLRP` varchar(50) CHARACTER SET latin1 COLLATE latin1_swedish_ci NULL DEFAULT NULL,
  `NPWP_DLR` varchar(20) CHARACTER SET latin1 COLLATE latin1_swedish_ci NULL DEFAULT NULL,
  `LAMA_DF` decimal(3, 0) NULL DEFAULT NULL,
  `BAYAR_OLEH` varchar(1) CHARACTER SET latin1 COLLATE latin1_swedish_ci NOT NULL,
  `LAMA_WMS` decimal(3, 0) NULL DEFAULT NULL,
  `PLAPON_GRUP` varchar(1) CHARACTER SET latin1 COLLATE latin1_swedish_ci NULL DEFAULT NULL,
  `CURRENT_PLAPON` decimal(12, 0) NULL DEFAULT NULL,
  `NILAI_PLAPON` decimal(12, 0) NULL DEFAULT NULL,
  `NILAI_APPRISAL` decimal(12, 0) NULL DEFAULT NULL,
  `NO_ASTRA` varchar(5) CHARACTER SET latin1 COLLATE latin1_swedish_ci NOT NULL,
  `SALDO_AR` decimal(12, 0) NULL DEFAULT NULL,
  `NO_JANJI` varchar(25) CHARACTER SET latin1 COLLATE latin1_swedish_ci NULL DEFAULT NULL,
  `TGL_JANJI` datetime(0) NULL DEFAULT NULL,
  `NM_KRD` varchar(30) CHARACTER SET latin1 COLLATE latin1_swedish_ci NULL DEFAULT NULL,
  `NO_KUASA` varchar(8) CHARACTER SET latin1 COLLATE latin1_swedish_ci NULL DEFAULT NULL,
  `TGL_KUASA` datetime(0) NULL DEFAULT NULL,
  `NO_REK` varchar(20) CHARACTER SET latin1 COLLATE latin1_swedish_ci NULL DEFAULT NULL,
  `INISIAL` varchar(10) CHARACTER SET latin1 COLLATE latin1_swedish_ci NULL DEFAULT NULL,
  `AKTIF` varchar(1) CHARACTER SET latin1 COLLATE latin1_swedish_ci NULL DEFAULT NULL,
  `TIPE_TRANSAKSI` varchar(1) CHARACTER SET latin1 COLLATE latin1_swedish_ci NULL DEFAULT NULL,
  `TELEPON_YT` varchar(1) CHARACTER SET latin1 COLLATE latin1_swedish_ci NULL DEFAULT NULL,
  `STK_HAR` varchar(1) CHARACTER SET latin1 COLLATE latin1_swedish_ci NULL DEFAULT NULL,
  `AL_EMAIL` varchar(50) CHARACTER SET latin1 COLLATE latin1_swedish_ci NULL DEFAULT NULL,
  `TNG_JKT` varchar(1) CHARACTER SET latin1 COLLATE latin1_swedish_ci NULL DEFAULT NULL,
  `OVER_DUE` varchar(1) CHARACTER SET latin1 COLLATE latin1_swedish_ci NULL DEFAULT NULL,
  `KODE_GUDANG` varchar(3) CHARACTER SET latin1 COLLATE latin1_swedish_ci NOT NULL,
  `MSB_YT` varchar(1) CHARACTER SET latin1 COLLATE latin1_swedish_ci NULL DEFAULT NULL,
  `DCREA` datetime(0) NULL DEFAULT NULL,
  `VCREA` varchar(12) CHARACTER SET latin1 COLLATE latin1_swedish_ci NULL DEFAULT NULL,
  `DMODI` datetime(0) NULL DEFAULT NULL,
  `VMODI` varchar(12) CHARACTER SET latin1 COLLATE latin1_swedish_ci NULL DEFAULT NULL,
  `NKON` decimal(9, 0) NULL DEFAULT NULL,
  `NTGT` decimal(9, 0) NULL DEFAULT NULL,
  `NO_DAST` varchar(5) CHARACTER SET latin1 COLLATE latin1_swedish_ci NULL DEFAULT NULL,
  `NKONCLAIM` decimal(9, 0) NULL DEFAULT NULL,
  `NTGTCLAIM` decimal(9, 0) NULL DEFAULT NULL,
  `BI` varchar(1) CHARACTER SET latin1 COLLATE latin1_swedish_ci NULL DEFAULT NULL,
  `PICT` varchar(100) CHARACTER SET latin1 COLLATE latin1_swedish_ci NULL DEFAULT NULL,
  `CARA_BAYAR` varchar(1) CHARACTER SET latin1 COLLATE latin1_swedish_ci NOT NULL,
  `PDENDA_WIL` decimal(2, 0) NULL DEFAULT NULL,
  PRIMARY KEY (`NO_DLR`) USING BTREE
) ENGINE = MyISAM CHARACTER SET = latin1 COLLATE = latin1_swedish_ci ROW_FORMAT = Dynamic;

-- ----------------------------
-- Records of dealer
-- ----------------------------
INSERT INTO `dealer` VALUES (NULL, '109', 'BERKAT JUANG', 'BERINGIN RAYA NO. 189', 'TANGERANG', 0, NULL, NULL, NULL, 0, 'G03', '151', 'PT BERKAT JUANG', 'JL.BERINGIN RAYA NO.189', 'PERUMNAS KARAWACI TANGERANG', '01.845.960.2-402.000', 0, '0', 14, 'Y', 2892000000, NULL, 1053000000, '03354', 0, NULL, '1899-12-30 00:00:00', NULL, NULL, '1899-12-30 00:00:00', NULL, NULL, 'N', 'R', NULL, 'L', NULL, '1', 'N', 'CMG', NULL, NULL, NULL, NULL, NULL, 0, 0, '03354', 0, 0, 'B', NULL, 'R', NULL);
INSERT INTO `dealer` VALUES (NULL, '179', 'TRIO BAGUS JAYA, PT', 'JL. TEUKU UMAR NO.12 KARAWACI', 'BARU TANGERANG', 15115, '02155730658-59', NULL, NULL, 0, '179', '151', 'PT TRIO BAGUS JAYA', 'JL.TEUKU UMAR NO.12 KARAWACI', 'BARU TANGERANG', '02.585.668.3-402.000', 0, '0', 14, 'Y', 1198620000, 0, NULL, 'TA', NULL, NULL, NULL, NULL, NULL, NULL, NULL, NULL, 'N', 'R', NULL, 'L', NULL, '1', 'Y', 'CMG', NULL, NULL, NULL, NULL, NULL, 0, 0, 'TA', 0, 0, 'B', NULL, 'R', NULL);
INSERT INTO `dealer` VALUES (NULL, '047', 'Anugerah Autocentra Abadi', 'RS. FATMAWATI 24', 'JAKARTA - SELATAN', 0, NULL, NULL, 'HENDRA RAHARDJA', 0, '047', '12', 'PT.ANUGERAH AUTOCENTRA ABADI', 'JL.RS.FATMAWATI NO.10', 'JAKARTA - SELATAN 12140', '01.678.465.4-019.000', 0, '0', 14, 'Y', 1500000000, 1500000000, 2989000000, '03008', 0, NULL, '1899-12-30 00:00:00', 'PT ANUGERAH AUTOCENTRA ABADI', NULL, '1899-12-30 00:00:00', '2183015885', NULL, 'Y', 'R', NULL, 'L', NULL, '2', 'N', 'CMG', NULL, NULL, NULL, NULL, NULL, 152, 70, '03008', NULL, NULL, 'B', NULL, 'R', NULL);
INSERT INTO `dealer` VALUES (NULL, '137', 'SURYA PERDANA PUTRA, PT', 'JL. K.H. HASYIM ASHARI NO. 8', 'CIPONDOH - TANGERANG', 0, '55755066', NULL, 'ZENO ZULKARNAEN', 0, '137', '151', 'PT.SURYA PERDANA PUTRA', 'JL.KH HASYIM ASHARI RT.003/010', 'CIPONDOH TANGERANG', '02.300.022.7-402.000', 0, '0', 14, 'Y', 500000000, 500000000, 0, 'TA', 0, NULL, '1899-12-30 00:00:00', NULL, NULL, '1899-12-30 00:00:00', NULL, NULL, 'N', 'R', NULL, 'L', NULL, '1', 'N', 'CMG', NULL, NULL, NULL, NULL, NULL, 0, 0, 'TA', 0, 0, 'B', NULL, 'R', NULL);
INSERT INTO `dealer` VALUES (NULL, '098', 'WAHANA ARTHA HARSAKA (GS) OFC', 'JL. GUNUNG SAHARI NO. 32', NULL, 0, '6012070', NULL, 'CHRISTINE', 0, 'G00', '10', 'PT CIPTA NIAGA (KANTOR PUSAT)', 'JL.MALAKA NO. 7-9', 'JAKARTA 11230', '01.001.661.6-051', 0, '0', 14, 'Y', 0, 0, 0, '01000', 0, NULL, '1899-12-30 00:00:00', NULL, NULL, '1899-12-30 00:00:00', NULL, 'GSA', 'N', NULL, 'Y', 'L', 'rachmat@wahanaartha.com', '2', 'N', 'CMG', 'Y', NULL, NULL, NULL, NULL, 0, 0, 'TA', 0, 0, 'T', NULL, 'R', NULL);
INSERT INTO `dealer` VALUES (NULL, '144', 'Encep Motor', NULL, NULL, NULL, NULL, NULL, NULL, 0, '144', '152', 'PT.NUGRAHA CIPTA PERKASA', 'JATIWARINGIN RT RW : 002/01', 'JATIWARINGIN-MAUK  TANGERANG', '02.288.431.6-411.000', 0, '3', 14, 'Y', 1360890000, 1360890000, 375500000, '08168', NULL, NULL, NULL, 'PT NUGRAHA CIPTA PERKASA', NULL, NULL, '1084560459', NULL, 'Y', 'R', NULL, 'L', 'sejatijaya144@gmail.com', '1', 'N', 'JTK', NULL, NULL, NULL, NULL, NULL, 152, 30, '08168', NULL, NULL, 'B', NULL, 'R', NULL);
INSERT INTO `dealer` VALUES (NULL, '065', 'Nambo Periuk Motor', 'MOH. TAHA, MAUK', 'TANGERANG', 0, NULL, NULL, 'YANTO', 0, 'G15', '152', 'PT.NAMBO MOTORINDO JAYA', 'JL.MOH.TOHA KM 6 RT.003/05', 'TANGERANG', '01.679.655.9-402.000', 0, '2', 14, 'Y', 6000000000, 9000000000, 1588000000, '01769', 0, NULL, '2005-10-28 00:00:00', 'PT NAMBO MOTORINDOJAYA', '164', '2005-10-28 00:00:00', '1689008061', NULL, 'Y', 'R', NULL, 'L', NULL, '1', 'N', 'JTK', NULL, NULL, NULL, NULL, NULL, 152, 90, '01769', NULL, NULL, 'B', NULL, 'R', NULL);
INSERT INTO `dealer` VALUES (NULL, '120', 'Kartika Berkat Abadi', 'JL. SAMANHUDI NO.29', 'JAKARTA PUSAT', 0, '021-3442357, 3849001', '021-3442357', 'RUDY GUNAWAN', 0, '120', '10', 'PT.KARTIKA BERKAT ABADI', 'JL.KH.SAMANHUDI NO.29', 'PASAR BARU JAKARTA PUSAT 10710', '02.094.824.6-075.000', 0, '2', 14, 'Y', 6500000000, 6500000000, 1500000000, '02814', 0, NULL, '2002-07-24 00:00:00', 'PT KARTIKA BERKAT ABADI', '61', '2002-09-17 00:00:00', '1689006360', NULL, 'Y', 'R', NULL, 'L', NULL, '2', 'N', 'CMG', NULL, NULL, NULL, NULL, NULL, 152, 100, '02814', NULL, NULL, 'B', NULL, 'C', NULL);
INSERT INTO `dealer` VALUES (NULL, '107', 'Central Motor', 'JL. PRAMUKA RAYA NO.12 C', 'RAWASARI JAKARTA PUSAT', 0, '4260308, 4205519', NULL, 'MULYANTO', 0, '107', '10', 'PT.CENTRAL MOTOR', 'JL.PRAMUKA RAYA NO.12-C', 'RAWASARI,JAKARTA-PUSAT 10570', '02.101.425.3-024.000', 0, '2', 14, 'Y', 1100000000, 1500000000, 1586000000, '03551', 0, NULL, '2002-09-06 00:00:00', 'CENTRAL MOTOR', '62', '2002-09-17 00:00:00', '1689000990', NULL, 'Y', 'R', NULL, 'L', NULL, '2', 'N', 'CMG', NULL, NULL, NULL, NULL, NULL, 152, 0, '03551', NULL, NULL, 'B', NULL, 'R', NULL);
INSERT INTO `dealer` VALUES (NULL, '075', 'Lancar Motor', 'LET JEND SUPRAPTO NO. 82', 'JAKARTA - PUSAT', 0, '4207955-56', NULL, 'DARWIN', 0, '075', '10', 'PT.LANCAR SUKSES MANDIRI', 'JL.LETJEND SUPRAPTO NO. 82', 'JAKARTA - PUSAT 10540', '02.408.500.3-024.000', 0, '3', 14, 'Y', 2493900000, 2493900000, 2771000000, '01265', 0, NULL, '1899-12-30 00:00:00', 'PT LANCAR SUKSES MANDIRI', NULL, '1899-12-30 00:00:00', '0913018858', NULL, 'Y', 'R', NULL, 'L', 'lancarmotor.admin@gmail.com', '2', 'N', 'CMG', NULL, NULL, NULL, NULL, NULL, 152, 110, '01265', NULL, NULL, 'B', NULL, 'R', NULL);
INSERT INTO `dealer` VALUES (NULL, '994', 'TERMOS', 'JL. AGUNG KARYA VI BLOK A NO.7', 'SUNTER AGUNG, JAKARTA-UTARA', NULL, '(021)6512426, 6512394', '(021)6512426', NULL, NULL, '994', '14', 'PT TERMINAL MOTOR SEKEN', 'JL.AGUNG KARYA VI BLOK A NO.7', 'KEL.PAPANGGO, KEC.TJ PRIOK, JAKARTA UTARA', '02.706.888.1-048.000', 0, '0', 14, 'Y', NULL, NULL, NULL, '01000', NULL, NULL, NULL, NULL, NULL, NULL, NULL, NULL, 'Y', 'R', NULL, 'L', NULL, '1', 'N', 'CMG', NULL, NULL, NULL, NULL, NULL, 0, 0, 'TA', 0, 0, 'T', NULL, 'R', NULL);
INSERT INTO `dealer` VALUES (NULL, '206', 'Aduatri Motor', 'Jl. Raya Puspitek no. 27', 'Serpong', 15310, '021-7441457', NULL, NULL, 0, '206', '153', 'PT.Aduatri Basta Motorindo', 'Jl. Raya Puspitek no. 27', 'Serpong', '31.232.060.9.411.000', 0, '3', 14, 'Y', 2148300000, 500000000, NULL, '13942', NULL, NULL, NULL, 'PT ADUATRI BASTA MOTORINDO', NULL, NULL, '4982222323', '0', 'Y', 'R', NULL, 'L', 'aduatri@yahoo.com', '1', 'N', 'JTK', NULL, NULL, NULL, NULL, NULL, 152, 0, '13942', NULL, NULL, NULL, NULL, 'R', NULL);
INSERT INTO `dealer` VALUES (NULL, '171', 'WARI - Tanah Tinggi', 'JL.DAAN MOGOT KM 23 NO.36 E&F', NULL, NULL, '5585635-36', '5584404', NULL, 0, 'G00', '151', 'PT.WAHANAARTHA RITELINDO', 'JL.DAAN MOGOT KM.2.3 NO.35-36', 'TANAH TINGGI - TANGERANG 15119', '03.048.255.8-026.000', 0, '3', 14, 'Y', 0, 0, NULL, '05767', NULL, NULL, NULL, 'PT WAHANAARTHA RITELINDO', NULL, NULL, '0023082851', 'TTI', 'Y', 'R', 'Y', 'L', 'nina@wahanaartha.com', '1', 'N', 'JTK', 'Y', NULL, NULL, NULL, NULL, 152, 50, '05767', NULL, NULL, 'B', NULL, 'C', NULL);
INSERT INTO `dealer` VALUES (NULL, '022', 'Orion Jaya Makmur', 'JL. HAYAM WURUK 100 CD', 'KEL. MAPHAR TMN. SARI JAK-BAR', 0, '6393264-7604, 6297258', '6596387', 'HERWAN', 0, '022', '11', 'CV.ORION JAYA MAKMUR', 'JL.HAYAM WURUK NO.100 D', 'MAPHAR TAMANSARI JAK-BAR', '02.321.275.6-032.000', 0, '0', 14, 'Y', 700000000, 0, 2484000000, '04878', 0, NULL, NULL, NULL, NULL, NULL, NULL, NULL, 'Y', 'R', NULL, 'L', NULL, '2', 'N', 'CMG', NULL, NULL, NULL, NULL, NULL, 0, 0, '04878', 0, 0, 'B', NULL, 'R', NULL);
INSERT INTO `dealer` VALUES (NULL, '154', 'WARI - Kamal', 'JL. GUNUNG SAHARI NO. 32', 'JAKARTA PUSAT', NULL, NULL, NULL, NULL, 0, 'G00', '11', 'PT.WAHANAARTHA RITELINDO', 'JL. LINGKAR LUAR RAWA BUAYA', 'CENGKARENG JAKBAR 11740', '03.048.255.8-026.000', 0, '3', 14, 'Y', 0, 0, NULL, '09154', NULL, NULL, NULL, 'PT WAHANAARTHA RITELINDO', NULL, NULL, '0023082851', 'PKE', 'Y', 'R', 'Y', 'L', 'nina@wahanaartha.com', '2', 'N', 'CMG', 'Y', NULL, NULL, NULL, NULL, 152, 50, '09154', NULL, NULL, 'B', NULL, 'C', NULL);
INSERT INTO `dealer` VALUES (NULL, '175', 'Kawi Motor - Ciganjur', 'JL. M. KAHFI I NO. 11B', 'RT. 06/01 CIGANJUR JAK-SEL', NULL, '(021)78894106-108', '(021)78894109', NULL, NULL, '175', '12', 'PT.KAWI INDAH JAYA MOTOR', 'JL.RAYA CILANDAK KKO NO.30', 'RAGUNAN,  JAKARTA-SELATAN 12550', '02.173.591.5-017.000', 0, '0', 14, 'Y', 1000000000, 1500000000, NULL, '11497', NULL, NULL, NULL, NULL, NULL, NULL, NULL, NULL, 'Y', 'R', NULL, 'L', NULL, '2', 'N', 'CMG', NULL, NULL, NULL, NULL, NULL, 152, 100, '11497', NULL, NULL, 'B', NULL, 'R', NULL);
INSERT INTO `dealer` VALUES (NULL, '180', 'Citra Mandiri Motorindo', 'JL RAYA SERANG DESA DUKUH KM14', 'CIKUPA, TANGERANG', 15710, '021 5960477', '021 5960485', NULL, 0, '180', '152', 'PT.CITRA MANDIRI MOTORINDO', 'JL.RAYA SERANG DESA DUKUH KM 14', 'CIKUPA, TANGERANG', '02.764.156.2-451.000', 0, '3', 14, 'Y', 2664000000, 4100000000, NULL, '12186', NULL, NULL, NULL, 'PT Citra Mandiri Motorindo', NULL, NULL, '7640866700', NULL, 'Y', 'R', NULL, 'L', 'citra_mandiri99@yahoo.co.id', '1', 'N', 'JTK', NULL, NULL, NULL, NULL, NULL, 152, 100, '12186', NULL, NULL, 'B', NULL, 'R', NULL);
INSERT INTO `dealer` VALUES (NULL, '149', 'Angsana Setia Guna', 'JL.LETJEN SUPRAPTO NO.160 BLK', 'A2-A3 KOMP.RUKO CEMPAKA PTH', NULL, '4210422,4211384/85', '4210419', NULL, 0, '149', '10', 'CV.ANGSANA SETIA GUNA', 'JL. LETJEN SUPRAPTO NO. 160', 'KEMAYORAN - JAKPUS 10640', '02.361.409.2-027.000', 0, '3', 14, 'Y', 1972800000, 1972800000, NULL, '09016', NULL, NULL, NULL, 'CV ANGSANA SETIA GUNA', NULL, NULL, '2763008282', NULL, 'Y', 'R', NULL, 'L', 'angsanahondamotor@yahoo.com', '2', 'N', 'CMG', NULL, NULL, NULL, NULL, NULL, 152, 100, '09016', NULL, NULL, 'B', NULL, 'R', NULL);
INSERT INTO `dealer` VALUES (NULL, '061', 'WARI - Kelapa Gading', 'KELAPA GADING BOULEVAD BLOK WB', 'II/7-8 JAKARTA UTARA', 0, '4531178, 4530587', NULL, 'SUHENDAR', 0, 'G00', '14', 'PT.WAHANAARTHA RITELINDO', 'JL.BULEVAR BLOK WB.2/7-8', 'KELAPA GADING JAKARTA - UTARA', '03.048.255.8-026.000', 0, '3', 14, 'Y', 0, 0, 0, '06100', 0, NULL, NULL, 'PT WAHANAARTHA RITELINDO', NULL, NULL, '0023082851', 'KGA', 'Y', 'R', 'Y', 'L', 'nina@wahanaartha.com', '2', 'N', 'CMG', 'Y', NULL, NULL, NULL, NULL, 152, 0, '06100', NULL, NULL, 'B', NULL, 'C', NULL);
INSERT INTO `dealer` VALUES (NULL, '191', 'Roda Makmur Abadi', 'JL.KAPUK RAYA GRAND PURI', 'GRISENDA BLOK GE NO23 RT.07/03', 14460, '021-55967218', '021-55967247', NULL, NULL, '191', '11', 'CV.RODA MAKMUR ABADI', 'RUKAN NIAGA TAMAN GRISENDA BLOK F-8 NO.15', 'KAPUK MUARA PENJARINGAN JAKARTA UTARA', '02.747.448.5-047.000', 0, '2', 14, 'Y', 1500000000, 1500000000, NULL, '12629', NULL, '03500', '2013-12-13 00:00:00', 'CV RODA MAKMUR ABADI', NULL, NULL, '9880179168', NULL, 'Y', 'R', NULL, 'L', NULL, '2', 'N', 'CMG', 'Y', NULL, NULL, NULL, NULL, 152, 100, '12629', NULL, NULL, 'B', NULL, 'C', NULL);
INSERT INTO `dealer` VALUES (NULL, '076', 'Sumatra Parakrama', 'TELUK GONG RAYA 185', 'JAKARTA - UTARA', 0, '6611559,6690750-7631', '662-0616', 'EDY', 0, '076', '14', 'PT.SUMATERA PARAKRAMA SUSTHIRA', 'TELUK GONG PEJAGALAN', 'JAKARTA - UTARA', '01.781.200.9-041.000', 0, '3', 14, 'Y', 4538400000, 4738400000, 1950000000, '00409', 0, NULL, '1899-12-30 00:00:00', 'PT SUMATRA PARAKRAMA SUSTHIRA', NULL, '1899-12-30 00:00:00', '7630304878', NULL, 'Y', 'R', NULL, 'L', 'purple_lenz@yahoo.com', '2', 'N', 'CMG', NULL, NULL, NULL, NULL, NULL, 152, 100, '00409', NULL, NULL, 'B', NULL, 'R', NULL);
INSERT INTO `dealer` VALUES (NULL, '020', 'UNION JAYA', 'KREKOT BUNDER 68', 'JAKARTA - PUSAT', 0, '3812948, 3864307', '3864307', 'ALEX WANGSANATA', 0, '020', '10', 'ALEXANDER W.(UNION JAYA)', 'JL.KREKOT BUNDER NO.68', 'JAKARTA - PUSAT', '06.813.863.5-026.000', 0, '0', 14, 'Y', 1010700000, 1010700000, 1123000000, '05963', 0, NULL, '1899-12-30 00:00:00', NULL, NULL, '1899-12-30 00:00:00', NULL, NULL, 'N', 'R', NULL, 'L', NULL, '2', 'N', 'CMG', NULL, NULL, NULL, NULL, NULL, 0, 0, '05963', 0, 0, 'B', NULL, 'R', NULL);
INSERT INTO `dealer` VALUES (NULL, '135', 'WARI - Cikokol', 'JL. MH. THAMRIN 11 - 12', 'CIKOKOL - TANGERANG', 0, '55742186 - 7', '55748046', 'SISCA 0816-1327715', 0, 'G00', '151', 'PT.WAHANAARTHA RITELINDO', 'JL.MH.THAMRIN RT 01/06', 'KEL.CIKOKOL,TANGERANG', '03.048.255.8-026.000', 0, '3', 14, 'Y', 0, 0, 0, '06883', 0, NULL, NULL, 'PT WAHANAARTHA RITELINDO', NULL, NULL, '0023082851', 'CIK', 'Y', 'R', 'Y', 'L', 'nina@wahanaartha.com', '1', 'N', 'JTK', 'Y', NULL, NULL, NULL, NULL, 152, 0, '06883', NULL, NULL, 'B', NULL, 'C', NULL);
INSERT INTO `dealer` VALUES (NULL, '100', 'WAHANA ARTHA HARSAKA (CPT) OFC', 'H. JUANDA 2', 'CIPUTAT / TANGERANG', 0, NULL, NULL, NULL, 0, 'G00', '152', 'PT WAHANA ARTHA HARSAKA', 'JL.IR JUANDA NO.43 CEMPAKA PUTIH', 'CIPUTAT TANGERANG 15412', '01.596.925.6-411.001', 0, '0', 14, 'Y', 0, 0, 0, '01500', 0, NULL, '1899-12-30 00:00:00', NULL, NULL, '1899-12-30 00:00:00', NULL, 'CPT', 'N', 'R', 'Y', 'L', 'rachmat@wahanaartha.com', '1', 'N', 'CMG', 'Y', NULL, NULL, NULL, NULL, 0, 0, 'TA', 0, 0, 'T', NULL, 'R', NULL);
INSERT INTO `dealer` VALUES (NULL, '121', 'SUNJAYA RAYA MOTOR, PT', 'JL. RAYA MANGGA BESAR NO. 67', 'JAKARTA BARAT', 0, '(021) 6012733', '(021) 6265556', 'BERTJE HORNUNG', 0, '121', '11', 'PT.SUNJAYA RAYA MOTOR', 'JL.MANGGA BESAR RAYA NO.67', 'TAMANSARI, JAKARTA-BARAT 11170', '02.002.444.4-032.000', 0, '0', 14, 'Y', 967500000, 967500000, 1075000000, '06431', 0, NULL, '1899-12-30 00:00:00', NULL, NULL, '1899-12-30 00:00:00', NULL, NULL, 'N', 'R', NULL, 'L', NULL, '2', 'N', 'CMG', NULL, NULL, NULL, NULL, NULL, 0, 0, '06431', 0, 0, 'B', NULL, 'R', NULL);
INSERT INTO `dealer` VALUES (NULL, '056', 'DAM Motor - Manggarai', 'SAHARJO 123 C', 'JAKARTA - SELATAN', 0, '8352758', '8351913', 'HASTONO WIJAYA', 0, '056', '12', 'PT.DAYA ANUGRAH MANDIRI', 'JL.SOEKARNO-HATTA NO.518, BATUNUNGGAL', 'BANDUNG KIDUL KOTA BANDUNG', '02.159.514.5-441.000', 0, '0', 14, 'Y', 826162657, 2000000000, 967000000, '05874', 0, NULL, '1899-12-30 00:00:00', NULL, NULL, '1899-12-30 00:00:00', NULL, NULL, 'Y', 'R', NULL, 'L', NULL, '2', 'N', 'CMG', NULL, NULL, NULL, NULL, NULL, 152, 90, '05874', NULL, NULL, 'B', NULL, 'R', NULL);
INSERT INTO `dealer` VALUES (NULL, '123', 'BERKAT KARUNIA 88, PT.', 'JL. DAAN MOGOT NO. 88', 'GROGOL JAKARTA-BARAT', 0, '0816-18221432, 5663462', '56963378', 'CHRISTIAN P. H.', 0, '123', '11', 'PT.BERKAT KARUNIA 88 MOTOR', 'JL.DAAN MOGOT NO.28 RT/RW:02/2', 'GROGOL, JAKARTA - BARAT 11460', '02.187.856.6-036.000', 0, '0', 14, 'Y', 1091520000, 1091520000, 0, '03365', 0, NULL, '1899-12-30 00:00:00', NULL, NULL, '1899-12-30 00:00:00', NULL, NULL, 'N', 'R', NULL, 'L', NULL, '2', 'N', 'CMG', NULL, NULL, NULL, NULL, NULL, 0, 0, '03365', 0, 0, 'B', NULL, 'R', NULL);
INSERT INTO `dealer` VALUES (NULL, '136', 'Trimitra Usaha Manunggal', 'DAAN MOGOT', NULL, 0, '5447957', NULL, 'HERRY', 0, '136', '11', 'PT.TRIMITRA USAHA MANUNGGAL', 'JL.DAAN MOGOT KM.13 NO.15', 'CENGKARENG,JAKARTA-BARAT 11730', '02.305.282.2-034.000', 0, '0', 14, 'Y', 600000000, 600000000, 0, '06430', 0, NULL, NULL, NULL, NULL, NULL, NULL, NULL, 'Y', 'R', NULL, 'L', NULL, '2', 'N', 'CMG', NULL, NULL, NULL, NULL, NULL, 152, 50, '06430', NULL, NULL, 'B', NULL, 'C', NULL);
INSERT INTO `dealer` VALUES (NULL, '150', 'PT.RAJAWALI MEGAH PERKASA', 'JL.KRAMAT RAYA NO.35', 'JAKARTA PUSAT', NULL, '3924561,3924607', '3909583', NULL, 0, '150', '10', 'PT RAJAWALI MEGAH PERKASA', 'JL KRAMAT RAYA NO. 35, RT 001 RW 002', 'KRAMAT SENEN JAKARTA - PUSAT', '02.109.353.9-023.000', 0, '0', 14, 'N', 2000000000, 2000000000, NULL, '08505', 17598283882, NULL, NULL, NULL, NULL, NULL, NULL, NULL, 'N', 'R', NULL, 'L', NULL, '2', 'N', 'CMG', NULL, NULL, NULL, NULL, NULL, 0, 0, '08505', 0, 0, 'B', NULL, 'R', NULL);
INSERT INTO `dealer` VALUES (NULL, '111', 'Nambo Jaya Motor', 'JL MOH.TOHA KM 2,5 ,KAB. TNG', NULL, 0, '0215517994-95', '5517995', 'CORNELIUS', 0, 'G15', '151', 'PT.NAMBO MOTORINDO JAYA', 'JL.MOH.TOHA KM.6 RT.003/05', 'TANGERANG', '01.679.655.9-402.000', 0, '2', 14, 'Y', 695300000, 1600000000, 657000000, '08999', 0, '146', '2005-10-28 00:00:00', 'PT NAMBO MOTORINDO JAYA', '164', '2005-10-28 00:00:00', '1689008061', NULL, 'Y', 'R', NULL, 'L', NULL, '1', 'N', 'JTK', NULL, NULL, NULL, NULL, NULL, 152, 90, '08999', NULL, NULL, 'B', NULL, 'R', NULL);
INSERT INTO `dealer` VALUES (NULL, '066', 'TAURUS JAYA MAKMUR, PT.', 'DAAN MOGOT KM 23 NO. 36 E', 'TANGERANG', 0, NULL, NULL, 'TARYUDIN', 0, '066', '151', 'PT TAURUS JAYA MAKMUR', 'JL.DAAN MOGOT KM.2.3NO.35-36', 'TANAH TINGGI- TANGERANG 15119', '02.095.727.0-402.000', 0, '0', 14, 'Y', 0, 0, 0, '05767', 0, NULL, '1899-12-30 00:00:00', NULL, NULL, '1899-12-30 00:00:00', NULL, NULL, 'N', 'R', 'Y', 'L', NULL, '1', 'N', 'CMG', NULL, NULL, NULL, NULL, NULL, 0, 0, 'TA', 0, 0, 'B', NULL, 'R', NULL);
INSERT INTO `dealer` VALUES (NULL, '196', 'Mitra Makmur Borobudur', 'JL. Borobudur No.38 Bencongan', 'Kelapa Dua, Tangerang', 15811, '021-55654657', '4613027', NULL, 0, '196', '152', 'PT.MITRA MAKMUR BOROBUDUR', 'JL. Raya Borobudur No.38 Perumnas II RT 00', 'RW 00 Cibodasbaru Cibodas, Tangerang Banten', '31.757.569.4-402.000', 0, '2', 14, 'Y', 2000000000, 4000000000, NULL, '13025', 6892453810, '02067', '2014-07-07 00:00:00', 'PT MITRA MAKMUR BOROBUDUR', NULL, NULL, '9880206289', NULL, 'Y', 'R', NULL, 'L', NULL, '1', 'N', 'JTK', NULL, NULL, NULL, NULL, NULL, 152, 90, '13025', NULL, NULL, 'B', NULL, 'C', NULL);
INSERT INTO `dealer` VALUES (NULL, '167', 'Jati Makmur Abadi', 'JL. RAYA PASAR MINGGU KM 17', 'NO 10 RT 001 RW 07 KALIBATA', NULL, '7971112', '7971110', NULL, 0, '167', '12', 'PT.JATI MAKMUR ABADI', 'JL.RAYA PASAR MINGGU KM.17 NO.10', 'RT.007 RW.02 KALIBATA-JAKSEL', '02.389.163.3-061.000', 0, '3', 14, 'Y', 1700000000, 0, NULL, '09826', NULL, NULL, NULL, 'PT JATI MAKMUR ABADI', NULL, NULL, '1283009991', NULL, 'Y', 'R', NULL, 'L', 'jati.motor@yahoo.com', '2', 'N', 'CMG', NULL, NULL, NULL, NULL, NULL, 152, 0, '09826', NULL, NULL, 'B', NULL, 'R', NULL);
INSERT INTO `dealer` VALUES (NULL, '125', 'Piramida Motor', 'JL. HASYIM ASHARI NO. 148', 'JAKARTA - PUSAT', 0, '63854922, 63863975', NULL, 'IRWANSYAH', 0, '125', '10', 'CV.PIRAMIDA MOTOR', 'JL.K.H. HASYIM ASHARI NO.233-A', 'CIDENG GAMBIR JAKARTA PUSAT', '02.191.147.4-028.000', 1, '1', 14, 'Y', 600000000, 600000000, 900000000, '05058', 0, NULL, NULL, NULL, NULL, NULL, NULL, NULL, 'Y', 'R', NULL, 'L', NULL, '2', 'N', 'CMG', NULL, NULL, NULL, NULL, NULL, 152, 100, '05058', NULL, NULL, 'B', NULL, 'R', NULL);
INSERT INTO `dealer` VALUES (NULL, '105', 'Kharisma', 'JL.RY BOGOR KM.19 KRAMAT JATI', 'JAK-TIM', 0, '021-8098012,80886201', NULL, 'IRWANSYAH', 0, '105', '13', 'CV.KHARISMA MOTOR', 'JL.RAYA BOGOR KM.19 NO.17', 'KRAMAT JATI   JAKARTA - TIMUR', '02.056.448.0-007.000', 1, '1', 14, 'Y', 1850000000, 1850000000, 851000000, '04279', 0, '030/PFP/01/STR/0703', '2003-07-22 00:00:00', NULL, NULL, '1899-12-30 00:00:00', '0701.050.223', NULL, 'Y', 'R', NULL, 'L', NULL, '2', 'N', 'CMG', NULL, NULL, NULL, NULL, NULL, 152, 90, '04279', NULL, NULL, 'B', NULL, 'R', NULL);
INSERT INTO `dealer` VALUES (NULL, '064', 'MITRA SUKSES MUSTIKA', 'RAWA BAMBU 18 C PS. MINGGU', 'JAKARTA - SELATAN', 0, '7817553', NULL, 'JOSEF SURYADI', 0, '064', '12', 'PT.MITRA SUKSES MUSTIKA', 'JL.RAWA BAMBU 18 C PS. MINGGU', 'JAKARTA - SELATAN', '01.750.223.8-017.000', 0, '0', 14, 'Y', 250000000, 250000000, 850000000, '04699', 0, NULL, '1899-12-30 00:00:00', NULL, NULL, '1899-12-30 00:00:00', NULL, NULL, 'N', 'R', NULL, 'L', NULL, '2', 'N', 'CMG', NULL, NULL, NULL, NULL, NULL, 0, 0, '04699', 0, 0, 'B', NULL, 'R', NULL);
INSERT INTO `dealer` VALUES (NULL, '181', 'Mitra Gemilang Priok', 'JL. SULAWESI NO. 17 RT.008/04', 'KOJA JAK-UT', 14220, '021.43935618', NULL, NULL, 0, '181', '14', 'PT.MITRA USAHA HARTA GEMILANG', 'JL.SULAWESI NO.17 RT.008/04', 'KOJA JAK -UT', '02.299.723.3-045.001', 1, '1', 14, 'Y', 3000000000, 3870000000, NULL, '11843', NULL, NULL, NULL, NULL, NULL, NULL, NULL, NULL, 'Y', 'R', NULL, 'L', NULL, '2', 'N', 'CMG', NULL, NULL, NULL, NULL, NULL, 152, 100, '11843', NULL, NULL, 'B', NULL, 'R', NULL);
INSERT INTO `dealer` VALUES (NULL, '071', 'ARISMA DAWINDO SARANA', 'RADIO DLM NO. 54 B', 'JAKARTA - SELATAN', 0, '7223428', '5606811', 'WINARNO TASWIN', 0, '071', '12', 'PT.ARISMA DAWINDO SARANA', 'JL.RADIO DALAM RAYA NO.33', 'JAKARTA - SELATAN', '01.724.394.0-012.000', 0, '0', 14, 'Y', 1548000000, 0, 1720000000, '01855', 0, NULL, '1899-12-30 00:00:00', NULL, NULL, '1899-12-30 00:00:00', NULL, NULL, 'N', 'R', NULL, 'L', NULL, '2', 'Y', 'CMG', NULL, NULL, NULL, NULL, NULL, 0, 0, '01855', 0, 0, 'B', NULL, 'R', NULL);
INSERT INTO `dealer` VALUES (NULL, '147', 'Tanabang Motor', NULL, NULL, NULL, NULL, NULL, NULL, 0, '147', '10', 'PT.TUNAS LUMBUNG HARAPAN', 'JL. KH. MAS MANSYUR NO. 80', 'TANAH ABANG, JAKPUS 10230', '02.190.283.8-072.000', 0, '0', 14, 'Y', 3859200000, 3859200000, 1800000000, '07122', NULL, NULL, NULL, NULL, NULL, NULL, NULL, NULL, 'Y', 'R', NULL, 'L', NULL, '2', 'N', 'CMG', NULL, NULL, NULL, NULL, NULL, 152, 100, '07122', NULL, NULL, 'B', NULL, 'R', NULL);
INSERT INTO `dealer` VALUES (NULL, '116', 'Jaya Perkasa Abadi', 'KOMPLEKS RUKAN ENGGANO MEGAH', 'JAKARTA- UTARA', 0, '0818773305', NULL, 'JOHAN', 0, '116', '14', 'PT.JAYA PERKASA ABADI', 'JL.ENGGANO RAYA NO.5 RT.007', 'RW.016,TANJUNG PRIOK,JAK-UTARA', '02.238.075.2-042.000', 1, '1', 14, 'Y', 1500000000, 1500000000, 0, '04210', 0, NULL, NULL, NULL, NULL, NULL, NULL, NULL, 'Y', 'R', NULL, 'L', NULL, '2', 'N', 'CMG', NULL, NULL, NULL, NULL, NULL, 152, 90, '04210', NULL, NULL, 'B', NULL, 'R', NULL);
INSERT INTO `dealer` VALUES (NULL, '195', 'Mitra Makmur Penuh Harapan', 'BIZPARK 2 Jl.Raya Penggilingan', 'No.10 R123', 13940, '021 - 4613027', NULL, NULL, 0, '195', '13', 'PT.MITRA MAKMUR PENUHHARAPAN', 'JL.RAYA PENGGILINGAN NO.42 RT.012', 'RW.011 PENGGILINGAN CAKUNG-JAKARTA TIMUR', '02.998.772.4-004.000', 0, '2', 14, 'N', 2500000000, 2500000000, NULL, '13066', 142538108506, '01124', '2015-05-05 00:00:00', 'PT MITRA MAKMUR PENUHHARAPAN', NULL, NULL, '9880252213', NULL, 'Y', 'R', NULL, 'L', NULL, '2', 'N', 'CMG', NULL, NULL, NULL, NULL, NULL, 152, 100, '13066', NULL, NULL, 'B', NULL, 'R', NULL);
INSERT INTO `dealer` VALUES (NULL, '158', 'PT. KUTA BUMI SEJAHTERA', 'JL. RAYA KUTABUMI BLOK', 'C20 NO.9 KUTABUMI,TANGERANG', NULL, NULL, NULL, NULL, 0, '158', '152', 'PT. KUTA BUMI SEJAHTERA', 'JL.RAYA KUTABUMI RUKO BLOK C-20/9', 'KUTA BUMI - PASARKEMIS TANGERANG', '02.446.541.1-411.000', 0, '0', 14, 'Y', 250000000, 250000000, NULL, '08950', NULL, NULL, NULL, NULL, NULL, NULL, NULL, NULL, 'N', 'R', NULL, 'L', NULL, '1', 'N', 'CMG', NULL, NULL, NULL, NULL, NULL, 0, 0, '08950', 0, 0, 'B', NULL, 'R', NULL);
INSERT INTO `dealer` VALUES (NULL, '097', 'WMS QQ', NULL, NULL, 0, '8450037 HP 0817191022', NULL, 'EDY S', 0, '097', '11', 'PT TERMINAL MOTOR SEKEN', 'JL.AGUNG KARYA VI BLOK A NO.7 KEL.PAPANGGO', 'KEC.TANJUNG PRIOK, JAKARTA UTARA', '01.216.986.8-091.000', 0, '0', 14, 'Y', 0, 67000000000, 0, '01000', 0, NULL, '1899-12-30 00:00:00', NULL, NULL, '1899-12-30 00:00:00', NULL, NULL, 'Y', 'R', 'Y', 'L', NULL, '2', 'N', 'CMG', NULL, NULL, NULL, NULL, NULL, 0, 0, 'TA', 0, 0, 'T', NULL, 'R', NULL);
INSERT INTO `dealer` VALUES (NULL, '151', 'Usaha Cipta Mandiri', 'JL.JOMBANG RAYA NO.6', NULL, NULL, '7457401', '7453521', NULL, 0, '151', '153', 'PT.USAHA CIPTA MANDIRI', 'JL.Jombang Raya No.6 Kp.Pasar Rt.C1/02', 'Desa Jombang ,Tangerang', '02.423.653.1-411.000', 0, '3', 14, 'Y', 1152900000, 1800000000, NULL, '07638', 76348088839, NULL, NULL, 'PT USAHA CIPTA MANDIRI', NULL, NULL, '6800319909', NULL, 'Y', 'R', NULL, 'L', 'iwandekawanto@yahoo.com', '1', 'N', 'JTK', NULL, NULL, NULL, NULL, NULL, 152, 100, '07638', NULL, NULL, 'B', NULL, 'R', NULL);
INSERT INTO `dealer` VALUES (NULL, '115', 'Terang Anugerah', 'JL PERMAI RY PAMULANG DII-12', 'CIPUTAT - TANGERANG', 0, '74704616', NULL, 'GILBERT NAHUMURRY', 0, '115', '153', 'PT.TERANG ANUGERAH', 'JL.PERMAI RAYA PAMULANG PERMAI', 'BLOK D.II/1 TANGERANG', '02.093.252.1-411.000', 0, '3', 14, 'Y', 1587600000, 1887600000, 570000000, '02515', 0, NULL, '1899-12-30 00:00:00', 'PT TERANG ANUGERAH', NULL, '1899-12-30 00:00:00', '4731554433', NULL, 'Y', 'R', NULL, 'L', NULL, '1', 'N', 'JTK', NULL, NULL, NULL, NULL, NULL, 152, 100, '02515', NULL, NULL, 'B', NULL, 'R', NULL);
INSERT INTO `dealer` VALUES (NULL, '128', 'Graha Surya', 'JL. BUNCIT RAYA NO. 7 JAK-SEL', NULL, 0, '021 7940183', NULL, 'CHRISTINE OENTORO', 0, '128', '12', 'PT.PACIFIC AREA JAYA', 'JL.TELUK BETUNG NO.38', 'JAKARTA PUSAT', '01.982.202.2-072.000', 0, '3', 14, 'Y', 2000000000, 3500000000, 1236000000, '07578', 0, NULL, NULL, 'PT PACIFIC AREA JAYA', NULL, NULL, '4281344000', NULL, 'Y', 'R', NULL, 'L', 'yudi@grahasurya.com', '2', 'N', 'CMG', NULL, NULL, NULL, NULL, NULL, 152, 90, '07578', NULL, NULL, 'B', NULL, 'R', NULL);
INSERT INTO `dealer` VALUES (NULL, '014', 'Pelita Jaya', 'SENEN RAYA 48 D', 'JAKARTA - PUSAT', 0, '3454878, 3446950', NULL, 'RUDI', 0, '014', '10', 'PELITA JAYA (RUDY SUSILO)', 'JL.SENEN RAYA NO.48 D', 'JAKARTA - PUSAT', '06.830.661.2-023.000', 0, '0', 14, 'Y', 442701342, 442701342, 0, '00332', 0, NULL, '1899-12-30 00:00:00', NULL, NULL, '1899-12-30 00:00:00', NULL, NULL, 'Y', 'R', NULL, 'L', NULL, '2', 'N', 'CMG', NULL, NULL, NULL, NULL, NULL, 152, 100, '00332', NULL, NULL, 'B', NULL, 'R', NULL);
INSERT INTO `dealer` VALUES (NULL, '152', 'Mapan Motor', 'Jl. Matraman Raya Blok A2/6-7', 'RT 001/04 Kebon Manggis', NULL, '85918088-89', '85918090', NULL, 0, '152', '13', 'PT.SUMBER MAPAN SUKSES', 'Jl. Matraman Raya Blok A2/6-7', 'RT 001/04,Kebon Manggis', '02.144.573.9-001.000', 0, '0', 14, 'Y', 1000000000, NULL, 0, '07701', 22995608211, NULL, NULL, NULL, NULL, NULL, NULL, NULL, 'N', 'R', NULL, 'L', NULL, '2', 'N', 'CMG', NULL, NULL, NULL, NULL, NULL, 0, 0, '08466', 0, 0, 'B', NULL, 'R', NULL);
INSERT INTO `dealer` VALUES (NULL, '114', 'Nusantara Surya Sakti - Sabes', 'JAKARTA PUSAT', NULL, 0, NULL, NULL, 'MARIA', 0, 'G16', '10', 'PT.NUSANTARA SURYA SAKTI', 'JL.BRIGJEND KATAMSO NO. 5', 'JAKARTA - BARAT', '01.772.063.2-038.000', 1, '1', 14, 'Y', 0, 0, 0, '02516', 0, '148/L/2009', '2009-03-16 00:00:00', NULL, NULL, '1899-12-30 00:00:00', '0400.189.8111', NULL, 'Y', 'R', NULL, 'L', NULL, '2', 'N', 'CMG', NULL, NULL, NULL, NULL, NULL, 152, 60, '02516', NULL, NULL, 'B', NULL, 'R', NULL);
INSERT INTO `dealer` VALUES (NULL, '140', 'BUARAN INDAH MOTOR, PT', 'JL.TAMAN BUARAN INDAH BLOK U', 'NO 218-219 DUREN SAWIT', NULL, '70781587, 70781589', '8610280', NULL, 0, '140', '13', 'PT. BUARAN INDAH MOTOR', 'JL. BUARAN RAYA NO.15, KLENDER', 'DUREN SAWIT JAKTIM 13470', '02.127.113.5-002.000', 0, '0', 14, 'Y', 1152000000, 1152000000, NULL, '00879', NULL, NULL, NULL, NULL, NULL, NULL, NULL, NULL, 'N', 'R', NULL, 'L', NULL, '2', 'N', 'CMG', NULL, NULL, NULL, NULL, NULL, 0, 0, '00879', 0, 0, 'B', NULL, 'R', NULL);
INSERT INTO `dealer` VALUES (NULL, '070', 'Nusantara Surya Sakti - Slipi', 'BRIGJEND KATANSO NO. 5', 'JAKARTA - BARAT', 0, NULL, NULL, 'VIVI', 0, 'G16', '11', 'PT.NUSANTARA SURYA SAKTI', 'JL.BRIGJEND KATAMSO NO. 5', 'JAKARTA - BARAT', '01.772.063.2-038.000', 1, '1', 14, 'Y', 6000000000, 6000000000, 5433000000, '01909', 0, '148/L/2009', '2009-03-16 00:00:00', NULL, NULL, '1899-12-30 00:00:00', '0400.189.8111', NULL, 'Y', 'R', NULL, 'L', NULL, '2', 'N', 'CMG', NULL, NULL, NULL, NULL, NULL, 152, 70, '01909', NULL, NULL, 'B', NULL, 'R', NULL);
INSERT INTO `dealer` VALUES (NULL, '130', 'Mentari Alam Semesta', 'JL. CILEDUG RAYA NO.6', 'PETUKANGAN UTARA, JAK SEL', 0, '021-7378778/7379669', '021-7379669', 'ARYA ANTAWIRYA', 0, '130', '12', 'PT.MENTARI ALAM SEMESTA', 'JL.CILEDUG RAYA NO.6 RT.011/02', 'PESANGGRAHAN JAKARTA - SELATAN', '02.289.827.4-013.000', 0, '2', 14, 'Y', 2500000000, 2500000000, 1000000000, '04712', 0, '89', '2003-01-29 00:00:00', 'PT MENTARI ALAM SEMESTA', '90', '2003-01-29 00:00:00', '1689006688', NULL, 'Y', 'R', NULL, 'L', NULL, '2', 'N', 'CMG', NULL, NULL, NULL, NULL, NULL, 152, 0, '04712', NULL, NULL, 'B', NULL, 'C', NULL);
INSERT INTO `dealer` VALUES (NULL, '199', 'WARI - Pondok Pinang', 'Ciputat Raya No 1', NULL, 12310, '021.7694000', '021.7696139', NULL, 0, 'G00', '12', 'PT.WAHANAARTHA RITELINDO', 'CIPUTAT RAYA NO 1', NULL, '03.048.255.8-013.001', 0, '3', 14, 'Y', 0, 0, NULL, '13125', NULL, NULL, NULL, 'PT WAHANAARTHA RITELINDO', NULL, NULL, '0023082851', 'PPI', 'Y', 'R', NULL, 'L', 'nina@wahanaartha.com', '2', 'N', 'CMG', NULL, NULL, NULL, NULL, NULL, 152, 0, '13125', NULL, NULL, 'B', NULL, 'C', NULL);
INSERT INTO `dealer` VALUES (NULL, '174', 'Prioritas Motor', 'JL.RAYA PONDOK RANDU NO.108', 'RT.012/002,CENGKARENG JAK-BAR', NULL, '5827307', '021-54366602', NULL, NULL, '174', '11', 'PT.PRIORITAS MAKMUR SEJAHTERA', 'JL.RAYA PONDOK RANDU NO.108', 'RT.012/002,CENGKARENG JAK-BAR', '02.670.732.3-034.000', 0, '3', 14, 'Y', 2000000000, 2625000000, NULL, '10495', NULL, NULL, NULL, 'PT PRIORITAS MAKMUR SEJAHTERA', NULL, NULL, '2533336779', NULL, 'Y', 'R', NULL, 'L', 'prioritas.motor@yahoo.com', '2', 'N', 'CMG', 'Y', NULL, NULL, NULL, NULL, 152, 100, '10495', NULL, NULL, 'B', NULL, 'R', NULL);
INSERT INTO `dealer` VALUES (NULL, '172', 'RADEN INTEN SEJATI,PT', 'JL.RADEN INTEN DUREN NO. SAWIT', 'RT/RW :002/002', NULL, '021-8622778/021-8622834', '021-8622817', NULL, NULL, '172', '13', 'PT.RADEN INTEN SEJATI', 'JL.RADEN INTEN NO.9FG RT/RW:002/002', 'DUREN SAWIT - JAKARTA TIMUR 13440', '02.577.628.7-002.000', 0, '0', 14, 'Y', 1000000000, 0, NULL, '09644', NULL, NULL, NULL, NULL, NULL, NULL, NULL, NULL, 'N', 'R', NULL, 'L', NULL, '2', 'N', 'CMG', NULL, NULL, NULL, NULL, NULL, 0, 0, '09644', 0, 0, 'B', NULL, 'R', NULL);
INSERT INTO `dealer` VALUES (NULL, '034', 'Intan Motor - Jkt', 'HAYAM WURUK 70', 'JAKARTA - BARAT', 0, '6496759, 6497463', '6298169', 'KHO SE KHAUW', 0, 'G05', '11', 'PT.N.I.E.INTAN MOTOR', 'JL.HAYAM WURUK NO.70', 'JAKARTA - BARAT', '01.319.263.8-032.000', 0, '0', 14, 'Y', 4000000000, 4000000000, 1819000000, '04767', 0, NULL, NULL, NULL, NULL, NULL, NULL, NULL, 'Y', 'R', NULL, 'L', NULL, '2', 'N', 'CMG', NULL, NULL, NULL, NULL, NULL, 152, 90, '04767', NULL, NULL, 'B', NULL, 'R', NULL);
INSERT INTO `dealer` VALUES (NULL, '166', 'PT. CILILITAN JAYA MAKMUR', 'JL. CILILITAN BESAR NO 103', 'CILILITAN, KRAMAT JATI', NULL, '8010660', NULL, NULL, 0, '166', '13', 'PT.CILILITAN JAYA MAKMUR', 'JL.CILILITAN BESAR NO.103 RT.005 RW.03', 'CILILITAN, KRAMAT JATI-JAKTIM', '02.464.160.7-005.000', 0, '0', 14, 'Y', 990000000, 990000000, NULL, '09565', NULL, NULL, NULL, NULL, NULL, NULL, NULL, NULL, 'N', 'R', NULL, 'L', NULL, '2', 'Y', 'CMG', NULL, NULL, NULL, NULL, NULL, 0, 0, '09565', 0, 0, 'B', NULL, 'R', NULL);
INSERT INTO `dealer` VALUES (NULL, '165', 'PT. ADHITYA PRATIWI INDIRA', 'JL. CILINCING RAYA NO 36 RUKO', 'CILINCING PLAZA B3-5', NULL, '44836488-89', '44836501', NULL, 0, '165', '14', 'PT.ADHITYA PRATIWI INDIRA', 'JL.CILINCING RAYA NO.36 KOMP PLAZA CILINCING', 'JAKARTA UTARA 14120', '02.388.544.5-043.000', 0, '0', 14, 'Y', 600000000, 600000000, NULL, '09877', NULL, NULL, NULL, NULL, NULL, NULL, NULL, NULL, 'N', 'R', NULL, 'L', NULL, '2', 'Y', 'CMG', NULL, NULL, NULL, NULL, NULL, 0, 0, '09877', 0, 0, 'B', NULL, 'R', NULL);
INSERT INTO `dealer` VALUES (NULL, '043', 'SPEDMO SARANA NIAGA', 'CIPUTAT RAYA NO. 27', 'JAKARTA SELATAN', 0, NULL, NULL, 'SOEROSO', 0, '043', '12', 'PT.SPEDMO SARANA NIAGA', 'JL.CIPUTAT RAYA NO. 27', 'JAKARTA - SELATAN', '01.780.795.9-013.000', 0, '0', 14, 'Y', 1500000000, 1500000000, 1200000000, '01885', 0, NULL, NULL, NULL, NULL, NULL, NULL, NULL, 'N', 'R', NULL, 'L', NULL, '2', 'N', 'CMG', NULL, NULL, NULL, NULL, NULL, 0, 0, '01885', 0, 0, 'B', NULL, 'R', NULL);
INSERT INTO `dealer` VALUES (NULL, '099', 'WAHANA ARTHA HARSAKA (KG) OFC', 'JL. RAYA BULEVAR BLOK WB II', 'NO. 7-8 JAKARTA UTARA', 0, NULL, NULL, NULL, 0, 'G00', '14', 'PT WAHANAARTHA HARSAKA', 'JL.BULEVAR BLOK WB.2/7-8', 'KELAPA GADING JAKARTA - UTARA', '01.596.925.6-043', 0, '0', 14, 'Y', 0, 0, 0, '06100', 0, NULL, '1899-12-30 00:00:00', NULL, NULL, '1899-12-30 00:00:00', NULL, 'KGA', 'N', 'R', 'Y', 'L', 'rachmat@wahanaartha.com', '2', 'N', 'CMG', 'Y', NULL, NULL, NULL, NULL, 0, 0, 'TA', 0, 0, 'T', NULL, 'R', NULL);
INSERT INTO `dealer` VALUES (NULL, '173', 'Rina Mitra Rahardja', 'JL.CIREUNDEU RAYA KEL.PISANGAN', 'KEC.CIPUTAT KAB.TANGERANG', NULL, '021-93336399', NULL, NULL, NULL, '173', '153', 'PT.RINA MITRA RAHARJA', 'JL.CIREUNDEU RAYA KEL.PISANGAN', 'KEC.CIPUTAT KAB.TANGERANG', '02.380.176.4-411.001', 0, '0', 14, 'Y', 1031019408, 3750000000, NULL, '10879', NULL, NULL, NULL, NULL, NULL, NULL, NULL, NULL, 'Y', 'R', NULL, 'L', NULL, '1', 'N', 'JTK', NULL, NULL, NULL, NULL, NULL, 152, 70, '10879', NULL, NULL, 'B', NULL, 'R', NULL);
INSERT INTO `dealer` VALUES (NULL, '127', 'Mitra Mulia Swadana', 'JL. RAYA PLP CURUG NO.168 C-E', 'TANGERANG', 0, '59491431, 59491613', '59491613', 'FAJAR TASRIF', 0, '127', '152', 'PT.MITRA MULIA SWADANA', 'JL. RAYA PLP NO.168 C RT.02', 'RW.07 CURUG WETAN   TANGERANG', '02.066.167.4-411.000', 0, '3', 14, 'Y', 2243700000, 4300000000, 700000000, '04568', 0, NULL, NULL, 'PT MITRA MULIA SWADANA', NULL, NULL, '7120307988', NULL, 'Y', 'R', NULL, 'L', 'mitra168@jaringanhonda.com', '1', 'N', 'JTK', NULL, NULL, NULL, NULL, NULL, 152, 100, '04568', NULL, NULL, 'B', NULL, 'R', NULL);
INSERT INTO `dealer` VALUES (NULL, '073', 'Bima Klender Jaya', 'PAHLAWAN REVOLUSI NO.4', 'JAKARTA - TIMUR', 0, '8612630,8613353', '8612630', 'SOEWITO', 0, '073', '13', 'PT.BIMA KLENDER JAYA', 'JL.PAHLAWAN REVOLUSI NO.4', 'JAKARTA - TIMUR', '01.783.485.4-008.000', 0, '3', 14, 'Y', 789000000, 789000000, 875000000, '03359', 0, NULL, '1899-12-30 00:00:00', 'PT BIMA KLENDER JAYA', NULL, '1899-12-30 00:00:00', '2743011368', NULL, 'Y', 'R', NULL, 'L', 'bimamotor@jaringanhonda.com', '2', 'N', 'CMG', NULL, NULL, NULL, NULL, NULL, 152, 100, '03359', NULL, NULL, 'B', NULL, 'R', NULL);
INSERT INTO `dealer` VALUES (NULL, '162', 'Fatmawati Motor', 'JL. RS.FATMAWATI NO.26 B-C', 'JAKARTA SELATAN', NULL, '021-7761260', NULL, NULL, 0, '162', '12', 'PT.MANAJEMEN ANDALAN TETAP PER', 'JL.R.S.FATMAWATI NO.26B-C', 'PONDOK LABU-CILANDAK, JAK-SEL 12450', '02.192.529.2-016.000', 0, '0', 14, 'Y', 2200000000, 2350000000, 0, '09193', 208290830, NULL, NULL, NULL, NULL, NULL, NULL, NULL, 'Y', 'R', NULL, 'L', NULL, '2', 'N', 'CMG', NULL, NULL, NULL, NULL, NULL, 152, 100, '09193', NULL, NULL, 'B', NULL, 'R', NULL);
INSERT INTO `dealer` VALUES (NULL, '088', 'Mekar Abadi', 'JL.JEMBATAN DUA RAYA NO: 21', 'JAKARTA UTARA', 0, '6619376,6632469', '6630003', 'B. SETIAWAN PRASETYO', 0, '088', '14', 'MEKAR ABADI MANUNGGALJAYA', 'JEMBATAN DUA NO.1 RT/RW:02/02', 'JAKARTA - UTARA', '01.781.534.1-041.000', 0, '3', 14, 'Y', 1100000000, 1570000000, 950000000, '04493', 0, NULL, '1899-12-30 00:00:00', 'PT MEKAR ABADI MANUNGGALJAYA', NULL, '1899-12-30 00:00:00', '2873007893', NULL, 'Y', 'R', NULL, 'L', 'mekarabadi@jaringanhonda.com', '2', 'N', 'CMG', NULL, NULL, NULL, NULL, NULL, 152, 100, '04493', NULL, NULL, 'B', NULL, 'R', NULL);
INSERT INTO `dealer` VALUES (NULL, '005', 'Intan Motor Tgr', 'MERDEKA 115', 'TANGERANG', 0, '55790005-07', NULL, 'HANDY', 0, '005', '151', 'PT.N.I.E INTAN MOTOR (TGR)', 'KOMP.PLZ MERDEKA MAS BLOK A7-8', 'JL.GATOT SUBROTO TANGERANG', '01.319.263.8-402.001', 0, '0', 14, 'Y', 1672920000, 1672920000, 0, '04770', 0, NULL, NULL, NULL, NULL, NULL, NULL, NULL, 'Y', 'R', NULL, 'L', NULL, '1', 'N', 'JTK', NULL, NULL, NULL, NULL, NULL, 152, 100, '04770', NULL, NULL, 'B', NULL, 'R', NULL);
INSERT INTO `dealer` VALUES (NULL, '062', 'WARI - Ciputat', 'H. JUANDA 2', 'CIPUTAT / TANGERANG', 0, '74702355 (HUNTING)', '74702353', 'FAJAR GAUTAMA', 0, 'G00', '153', 'PT.WAHANAARTHA RITELINDO', 'IR.JUANDA 43 CEMPAKA PUTIH', 'CIPUTAT TANGERANG', '03.048.255.8-026.000', 0, '3', 14, 'Y', 0, 0, 0, '01500', 0, NULL, NULL, 'PT. WAHANAARTHA RITELINDO', NULL, NULL, '0023082851', 'CPT', 'Y', 'R', 'Y', 'L', 'nina@wahanaartha.com', '1', 'N', 'JTK', 'Y', NULL, NULL, NULL, NULL, 152, 40, '01500', NULL, NULL, 'B', NULL, 'C', NULL);
INSERT INTO `dealer` VALUES (NULL, '996', 'GSO', NULL, NULL, NULL, NULL, NULL, NULL, NULL, '998', '10', NULL, NULL, NULL, NULL, NULL, '0', NULL, 'N', NULL, NULL, NULL, '01000', NULL, NULL, NULL, NULL, NULL, NULL, NULL, 'GSO', 'Y', 'M', NULL, 'L', NULL, '2', 'N', 'CMG', NULL, NULL, NULL, NULL, NULL, 0, 0, 'TA', 0, 0, 'T', NULL, 'R', NULL);
INSERT INTO `dealer` VALUES (NULL, '035', 'MUTIARA NIRMA KEMILAU (035)', 'JL. SAWAH BASAR 4A', 'JAKARTA - PUSAT', 0, '3519729-30', '3519729', 'POPO RAMLI', 0, 'G03', '10', 'PT.MUTIARA NIRMA KEMILAU', 'JL.SUKARJO WIRYOPRANOTO NO.4A', 'JAKARTA', '01.721.520.3-074.001', 0, '0', 14, 'Y', 900000000, NULL, 2630000000, '04641', 0, NULL, '1899-12-30 00:00:00', NULL, NULL, '1899-12-30 00:00:00', NULL, NULL, 'N', 'R', NULL, 'L', NULL, '2', 'N', 'CMG', NULL, NULL, NULL, NULL, NULL, 0, 0, '04641', 0, 0, 'B', NULL, 'R', NULL);
INSERT INTO `dealer` VALUES (NULL, '059', 'Palmerah Barat', 'PALMERAH BARAT 59A', 'JAKARTA - BARAT', 0, NULL, NULL, 'RUSLAN', 0, '059', '11', 'PT.PALMERAH MOTORINDO', 'JL.PALMERAH BARAT NO.59', 'PALMERAH JAKARTA - BARAT 11480', '02.004.838.5-031.000', 0, '3', 14, 'Y', 1800000000, 2100000000, 551000000, '00610', 0, NULL, '1899-12-30 00:00:00', 'PT PALMERAH MOTORINDO', NULL, '1899-12-30 00:00:00', '2293016585', NULL, 'Y', 'R', NULL, 'L', 'palmerahmotor@jaringanhonda.co', '2', 'N', 'CMG', NULL, NULL, NULL, NULL, NULL, 152, 90, '00610', NULL, NULL, 'B', NULL, 'R', NULL);
INSERT INTO `dealer` VALUES (NULL, '003', 'MG Motor', 'DAAN MOGOT KM 11', 'JAKARTA - BARAT', 0, '540-2691, 540-7945-48', '540-7945', 'TAN BUN SENG', 0, '003', '11', 'PT.MEGAH SUGIH ARTO LESTARI', 'JL.DAAN MOGOT KM.11 NO.55', 'CENGKARENG JAKARTA BARAT 11710', '01.930.697.6-034.000', 0, '0', 14, 'Y', 421952831, 421952831, 0, '04685', 54081205547, NULL, '1899-12-30 00:00:00', NULL, NULL, '1899-12-30 00:00:00', NULL, NULL, 'Y', 'R', NULL, 'L', NULL, '2', 'N', 'CMG', NULL, NULL, NULL, NULL, NULL, 152, 100, '04685', NULL, NULL, 'B', NULL, 'R', NULL);
INSERT INTO `dealer` VALUES (NULL, '015', 'Gamma Eka Sentosa', 'RAYA SERPONG 58', 'TANGERANG', 0, '5397931-33', '5397928', 'GUNAWAN', 0, '015', '151', 'PT.GAMMA EKASENTOSA', 'JL.MH THAMRIN NO.58', 'PANUNGGANGAN - TANGERANG', '01.354.464.8-416.000', 0, '0', 14, 'Y', 1500000000, 1500000000, 1067000000, '01845', 0, NULL, NULL, NULL, NULL, NULL, NULL, NULL, 'Y', 'R', NULL, 'L', NULL, '1', 'N', 'JTK', NULL, NULL, NULL, NULL, NULL, 152, 100, '01845', NULL, NULL, 'B', NULL, 'C', NULL);
INSERT INTO `dealer` VALUES (NULL, '134', 'Mitra Gemilang Otista', 'JL. OTISTA 66-68', 'TANGERANG', 0, '5513790', '5513695', 'BPK. KUNARSO', 0, '134', '151', 'PT.MITRA USAHA HARTA GEMILANG', 'JL.OTISTA 66-68 GARENDENG', 'KARAWACI  TANGERANG 15113', '02.299.723.3-402.000', 1, '1', 14, 'Y', 1000000000, 1000000000, 499000000, '02817', 0, 'RR-DF/09/260/N/WB-AVC', '2009-05-12 00:00:00', NULL, NULL, '1899-12-30 00:00:00', '0730.305.418', NULL, 'Y', 'R', NULL, 'L', NULL, '1', 'N', 'JTK', NULL, NULL, NULL, NULL, NULL, 152, 90, '02817', NULL, NULL, 'B', NULL, 'R', NULL);
INSERT INTO `dealer` VALUES (NULL, '087', 'Margo Mulyo Megah', 'JL. RAYA RAGUNAN NO: 10', 'PASAR MINGGU - JAK SEL', 0, '7891141', NULL, 'GARDONO', 0, '087', '12', 'PT.MARGO MULYO MEGAH', 'JL.RAYA RAGUNAN NO.10 RT.02/07', 'PASAR MINGGU JAKARTA SELATAN', '01.797.030.2-017.000', 0, '3', 14, 'Y', 3000000000, 2760000000, 1130000000, '01555', 0, NULL, '1899-12-30 00:00:00', 'PT MARGO MULYO MEGAH', NULL, '1899-12-30 00:00:00', '5540372600', NULL, 'Y', 'R', NULL, 'L', 'margomulyomegah@gmail.com', '2', 'N', 'CMG', NULL, NULL, NULL, NULL, NULL, 152, 100, '01555', NULL, NULL, 'B', NULL, 'R', NULL);
INSERT INTO `dealer` VALUES (NULL, '082', 'Megah Matahari', 'JL. TANJUNG DUREN RAYA NO. 99', 'RT. 06/05, JAKARTA BARAT', 0, '560-0357', '563-5056', 'EDDHIE MARUHUM', 0, '082', '11', 'CV.MEGAH MATAHARI', 'JL.TANJUNG DUREN RAYA N0.99', 'TANJUNG DUREN SELATAN JAK-BAR', '02.188.270.9-036.000', 0, '3', 14, 'Y', 2208000000, 2208000000, 1866000000, '01473', 0, NULL, '1899-12-30 00:00:00', 'CV MEGAH MATAHARI', NULL, '1899-12-30 00:00:00', '7050186878', NULL, 'Y', 'R', NULL, 'L', 'megah_matahari@ymail.com', '2', 'N', 'CMG', NULL, NULL, NULL, NULL, NULL, 152, 0, '01473', NULL, NULL, 'B', NULL, 'C', NULL);
INSERT INTO `dealer` VALUES (NULL, '176', 'Bintang Motor Jaya', 'JL. BUARAN RAYA NO.15 RT.01/13', NULL, 13470, '021-86613399', '021-86613313', NULL, 0, '176', '13', 'PT.BINTANG MOTOR JAYA', 'JL.BUARAN RAYA NO.15 RT.001/RW.013', 'KLENDER DUREN SAWIT JAKARTA TIMUR', '02.199.087.4-008.001', 1, '1', 14, 'Y', 6000000000, 6000000000, NULL, '11821', NULL, NULL, NULL, NULL, NULL, NULL, NULL, NULL, 'Y', 'R', NULL, 'L', NULL, '2', 'N', 'CMG', 'Y', NULL, NULL, NULL, NULL, 152, 90, '11821', NULL, NULL, 'B', NULL, 'R', NULL);
INSERT INTO `dealer` VALUES (NULL, '084', 'Serimpi Makmur Sejati', 'JL. POS PENGUMBEN RAYA 21 BCD', 'RT/RW:007/03,SRENGSENG JAKBAR', 0, '5867705-07', '5867708', 'ROBBY SUTANTO', 0, '084', '11', 'PT.SERIMPI MAKMUR SEJATI', 'JL.POS PENGUMBEN RAYA 21 BCD', 'SRENGSENG JAKARTA - BARAT', '01.825.862.4-086.000', 0, '2', 14, 'Y', 3000000000, 4150000000, 1634000000, '01662', 0, '30', '2003-02-17 00:00:00', 'PT SERIMPI MAKMUR SEJATI', '31', '2003-02-17 00:00:00', '1689006777', NULL, 'Y', 'R', NULL, 'L', NULL, '2', 'N', 'CMG', NULL, NULL, NULL, NULL, NULL, 152, 90, '01662', NULL, NULL, 'B', NULL, 'C', NULL);
INSERT INTO `dealer` VALUES (NULL, '189', 'Surya Abadi Motor', 'Ruko Green Mansion Blok B', 'No. 6 - 7 Rt. 001/013', 11710, '021-55959394', '021-55959395', NULL, NULL, '189', '11', 'PT.SURYA ABADI MOTOR', 'RUKO GREEN MANSION BLOK B', 'NO. 6 - 7 RT.001/013', '03.100.069.8-034.000', 0, '2', 14, 'Y', 2500000000, 2500000000, NULL, '12754', NULL, '01070', '2011-04-26 00:00:00', 'PT SURYA ABADI MOTOR', NULL, NULL, '1689012009', NULL, 'Y', 'R', NULL, 'L', NULL, '2', 'N', 'CMG', NULL, NULL, NULL, NULL, NULL, 152, 100, '12754', NULL, NULL, 'B', NULL, 'C', NULL);
INSERT INTO `dealer` VALUES (NULL, '124', 'Kanaan Jaya Raya', 'JL. PONDOK GEDE RAYA NO. 49', NULL, 0, '87780119', NULL, 'INGE', 0, '124', '13', 'PT.KANAAN JAYA RAYA MOTOR', 'JL.RAYA PONDOK GEDE NO.49', 'LUBANG BUAYA JAKARTA TIMUR', '02.110.621.6-009.000', 0, '0', 14, 'Y', 2080000000, 0, 2208000000, '04296', 0, NULL, '1899-12-30 00:00:00', NULL, NULL, '1899-12-30 00:00:00', NULL, NULL, 'N', 'R', NULL, 'L', NULL, '2', 'N', 'CMG', NULL, NULL, NULL, NULL, NULL, 0, 0, '04296', 0, 0, 'B', NULL, 'R', NULL);
INSERT INTO `dealer` VALUES (NULL, '013', 'Dunia Motor - KL', 'KEBAYORAN LAMA 556', 'JAKARTA - SELATAN', 0, '7243279, 7204644', '7243279', 'ANDRE', 0, 'G07', '12', 'PT.DUNIA MOTORINDO GEMILANG', 'JL.RAYA KEBAYORAN LAMA NO.556', 'GROGOL SEL. JAKARTA - SELATAN', '01.997.010.2-013.000', 0, '3', 14, 'Y', 2500000000, 1200000000, 1425000000, '00190', 0, NULL, NULL, 'PT Dunia Motorindo Gemilang', NULL, NULL, '2483009356', NULL, 'Y', 'R', NULL, 'L', 'sylcyton@yahoo.com', '2', 'N', 'CMG', NULL, NULL, NULL, NULL, NULL, 152, 70, '00190', NULL, NULL, 'B', NULL, 'R', NULL);
INSERT INTO `dealer` VALUES (NULL, '089', 'MULTI HIDAYAH SEJAHTERA', 'JL. RS.FATMAWATI RT/RW:002/07', 'PONDOK LABU - JAKARTA SELATAN', 0, NULL, NULL, 'BENNY DHARMAWAN, MM', 0, '089', '12', 'PT.MULTI HIDAYAH SEJAHTERA MTR', 'JL.RS.FATMAWATI RT/RW:002/07', 'PONDOK LABU CILANDAK JAK - SEL', '01.819.069.4-016.000', 0, '0', 14, 'Y', 1800000000, 1800000000, 1360000000, '04562', 0, NULL, NULL, NULL, NULL, NULL, NULL, NULL, 'N', 'R', NULL, 'L', NULL, '2', 'N', 'CMG', NULL, NULL, NULL, NULL, NULL, 0, 0, '04562', 0, 0, 'B', NULL, 'R', NULL);
INSERT INTO `dealer` VALUES (NULL, '085', 'Teluk Naga Motor', 'JL. RAYA SALEMBARAN NO. 20', 'DS.KP.MELAYU, TANGERANG', 0, '5550354', NULL, 'TAN KIAN TIN', 0, '085', '152', 'CV.TELUK NAGA MOTOR', 'RAYA SALEMBARAN 20', 'KP.MELAYU TIMUR TANGERANG', '02.288.863.0-418.000', 0, '3', 14, 'Y', 2804400000, 2804400000, 274000000, '05857', 0, NULL, '1899-12-30 00:00:00', 'CV TELUK NAGA MOTOR', NULL, '1899-12-30 00:00:00', '6470309588', NULL, 'Y', 'R', NULL, 'L', 'teluknagamotor@gmail.com', '1', 'N', 'JTK', NULL, NULL, NULL, NULL, NULL, 152, 100, '05857', NULL, NULL, 'B', NULL, 'R', NULL);
INSERT INTO `dealer` VALUES (NULL, '122', 'Kawi Motor - Cilandak', 'RAYA CILANDAK KKO NO. 2', NULL, 0, '7890416', '7813040', 'AMRI', 0, '122', '12', 'PT.KAWI INDAH JAYA MOTOR', 'JL.RAYA CILANDAK KKO NO.30', 'RAGUNAN, JAKARTA-SELATAN 12550', '02.173.591.5-017.000', 0, '0', 14, 'Y', 1147400000, 1500000000, 1052000000, '01205', 0, NULL, NULL, NULL, NULL, NULL, NULL, NULL, 'Y', 'R', NULL, 'L', NULL, '2', 'N', 'CMG', NULL, NULL, NULL, NULL, NULL, 152, 100, '01205', NULL, NULL, 'B', NULL, 'R', NULL);
INSERT INTO `dealer` VALUES (NULL, '198', 'Lebak Bulus Motor', 'JL. KARANG TENGAH RAYA B/5', 'LEBAK BULUS', 12440, '021.75818619', '021.75818625', NULL, 0, '198', '12', 'PT.STOKESWOOD RETAIL', 'JL.MELAWAI IX NO.6 MELAWAI KEBAYORAN BARU', 'JAKARTA SELATAN', '02.331.743.1-064.000', 0, '0', 14, 'Y', 2000000000, 2000000000, NULL, 'TA', NULL, NULL, NULL, NULL, NULL, NULL, NULL, NULL, 'Y', 'R', NULL, 'L', NULL, '2', 'N', 'CMG', NULL, NULL, NULL, NULL, NULL, 152, 0, 'TA', NULL, NULL, 'B', NULL, 'R', NULL);
INSERT INTO `dealer` VALUES (NULL, '207', 'WARI - Jayanti', 'Jl. Raya Serang KM 31', 'Kp. Gembong Rt.001/001', 0, NULL, NULL, NULL, NULL, 'G00', '152', 'PT.WAHANAARTHA RITELINDO', 'JL. Raya Serang KM 31', 'Kp. Gembong Rt.001/001', NULL, 0, '3', 14, 'Y', 0, 0, NULL, '14027', NULL, NULL, NULL, 'PT WAHANAARTHA RITELINDO', NULL, NULL, '0023082851', 'JYT', 'Y', 'R', NULL, 'L', 'nina@wahanaartha.com', '1', 'N', 'JTK', NULL, NULL, NULL, NULL, NULL, 152, 100, '14027', NULL, NULL, NULL, NULL, 'C', NULL);
INSERT INTO `dealer` VALUES (NULL, '192', 'WARI - Condet', 'JL.CONDET RAYA NO.13 KEC.KRMT', 'JATI. KEL.CILILITAN, JAK-TIM', 13640, '021-80880585', NULL, NULL, 0, 'G00', '13', 'PT.WAHANAARTHA RITELINDO', 'JL.CONDET RAYA NO.13 KEC.KRMT', 'JATI.KEL.CILILITAN, JAK-TIM', '03.048.255.8-026.000', 0, '3', 14, 'Y', 0, 0, NULL, '12702', NULL, NULL, NULL, 'PT WAHANAARTHA RITELINDO', NULL, NULL, '0023082851', 'CON', 'Y', 'R', NULL, 'L', 'nina@wahanaartha.com', '2', 'N', 'CMG', 'Y', NULL, NULL, NULL, NULL, 152, 0, '12702', NULL, NULL, 'B', NULL, 'C', NULL);
INSERT INTO `dealer` VALUES (NULL, '143', 'Cengkareng Motor', 'JL. LINGKAR LUAR BARAT No. 12A', NULL, NULL, '5347850', '5347854', NULL, 0, '143', '11', 'PT.CENGKARENG SUKSES LESTARI', ' JL. KAMAL RAYA NO.12A', 'CENGKARENG TIMUR  JAKBAR', '02.305.362.2-034.000', 0, '2', 14, 'Y', 8000000000, 12000000000, 1254000000, '06984', NULL, '01954', NULL, 'PT CENGKARENG SUKSES LESTARI', NULL, NULL, '1689012301', NULL, 'Y', 'R', NULL, 'L', NULL, '2', 'N', 'CMG', NULL, NULL, NULL, NULL, NULL, 152, 100, '06984', NULL, NULL, 'B', NULL, 'C', NULL);
INSERT INTO `dealer` VALUES (NULL, '044', 'Mutiara Motor', 'PETA BARAT NO. 12 C PEGADUNGAN', 'KALIDERES JAKARTA BARAT', 11830, '021.5441488', '021.5441488', 'MERRI', 0, 'G03', '11', 'PT.MUTIARA MOTOR', 'JL.PETA BARAT NO.12 C', 'PEGADUNGAN KALIDERES  JAKARTA - BARAT', '02.750.273.1-085.000', 0, '3', 14, 'Y', 1271340000, 1271340000, 0, '04639', 0, NULL, '1899-12-30 00:00:00', 'PT MUTIARA MOTOR', NULL, '1899-12-30 00:00:00', '2843017100', NULL, 'Y', 'R', NULL, 'L', 'mutiaramotor@jaringanhonda.com', '2', 'N', 'CMG', NULL, NULL, NULL, NULL, NULL, 152, 0, '04639', NULL, NULL, 'B', NULL, 'R', NULL);
INSERT INTO `dealer` VALUES (NULL, '027', 'Dunia Motor - Ciputat', 'IR. H.JUANDA 34 A-B', 'CIPUTAT / TANGERANG', 0, '7220913, 7254549', '7690381', 'RIA', 0, 'G07', '153', 'PT.DUNIA MOTORINDO CEMERLANG', 'JL.IR.H.JUANDA NO.34', 'CIPUTAT  TANGERANG - 15411', '01.997.010.2-411.001', 0, '3', 14, 'Y', 1358100000, 1458100000, 0, '02751', 0, NULL, NULL, 'PT DUNIA MOTORINDO CEMERLANG', NULL, NULL, '2103018668', NULL, 'Y', 'R', NULL, 'L', 'jsteven_dm@yahoo.com.sg', '1', 'N', 'JTK', NULL, NULL, NULL, NULL, NULL, 152, 100, '02751', NULL, NULL, 'B', NULL, 'R', NULL);
INSERT INTO `dealer` VALUES (NULL, '112', 'Mandala Kekar Abadi', 'JL RAYA BEKASI TIMUR NO 158', 'JAKARTA TIMUR', 0, '021-8198484', NULL, 'SUNJAYA', 0, '112', '13', 'PT.MANDALA KEKAR ABADI', 'JL.RAYA BEKASI TIMUR NO.158', 'JATINEGARA  JAKARTA-TIMUR', '02.073.495.0-007.000', 0, '0', 14, 'Y', 6700000000, 6700000000, 1500000000, '02629', 0, NULL, NULL, NULL, NULL, NULL, NULL, NULL, 'Y', 'R', NULL, 'L', NULL, '2', 'N', 'CMG', NULL, NULL, NULL, NULL, NULL, 152, 90, '02629', NULL, NULL, 'B', NULL, 'C', NULL);
INSERT INTO `dealer` VALUES (NULL, '183', 'Kutabumi Motor', 'JL. KOTABUMI RAYA BLOK C20', 'NO.9 RT. 03/012', NULL, '021.59314820', NULL, NULL, 0, '183', '152', 'MANAJEMEN ANDALAN TETAP II', 'JL.KOTABUMI RAYA BLOK C20', 'NO.9 RT.03/012', '02.192.529.2-418.001', 0, '0', 14, 'Y', 1013000000, 1550000000, NULL, '12072', NULL, NULL, NULL, NULL, NULL, NULL, NULL, NULL, 'Y', 'R', NULL, 'L', NULL, '1', 'N', 'JTK', NULL, NULL, NULL, NULL, NULL, 152, 0, '12072', NULL, NULL, 'B', NULL, 'R', NULL);
INSERT INTO `dealer` VALUES (NULL, '997', 'PT. WAHANAARTHA MOTORENTAL', 'GRAHA TNT LT 1JL.DR.SAHARJO', 'NO.107 KEL.TEBET BARAT,JAK-SEL', NULL, '021-8304352', '8304351', NULL, NULL, '997', '12', 'PT.WAHANAARTHA MOTORENTAL', 'JL.DR.SAHARJO NO.107 GRAHA TNT', 'TEBET BARAT JAK - SEL 12810', '02.342.374.2-015.000', 0, '0', 14, 'Y', 1000000000, 0, NULL, '01000', NULL, NULL, NULL, NULL, NULL, NULL, NULL, NULL, 'Y', 'R', NULL, 'L', NULL, '1', 'N', 'CMG', 'Y', NULL, NULL, NULL, NULL, 0, 0, 'TA', 0, 0, 'T', NULL, 'R', NULL);
INSERT INTO `dealer` VALUES (NULL, '055', 'Uni Paramandala Pathya', 'KYAI MAJA 6 A BLOK D-1', 'JAKARTA - SELATAN', 0, NULL, NULL, 'ABUN', 0, '055', '12', 'PT.UNIPARAMANDALA PATHYA', 'JL.KYAI MAJA BLOK D-1/01', 'JAKARTA - SELATAN', '01.802.620.3-019.000', 0, '3', 14, 'Y', 2269200000, 2269200000, 0, '05994', 0, NULL, '1899-12-30 00:00:00', 'PT UNIPARAMANDALA PATHYA', NULL, '1899-12-30 00:00:00', '2283002888', NULL, 'Y', 'R', NULL, 'L', 'mailtohery@yahoo.com', '2', 'N', 'CMG', NULL, NULL, NULL, NULL, NULL, 152, 0, '05994', NULL, NULL, 'B', NULL, 'R', NULL);
INSERT INTO `dealer` VALUES (NULL, '203', 'Mitra Pinasthika Mustika', 'JL. KH. HASYIM ASHARI 34', 'RT.004/01 KEL PINANG', 0, '0315324000', NULL, NULL, 0, '203', '151', 'PT.MITRA PINASTHIKA MUSTIKA. Tbk', 'LIPPO KUNINGAN 26TH FLOOR JL. HR RASUNA SAID', 'KAV B-12 KARET KUNINGAN JAKARTA SELATAN', '01.321.936.5-054.000', 1, '1', 14, 'Y', 2000000000, 2000000000, NULL, '13534', NULL, NULL, NULL, NULL, NULL, NULL, NULL, '1', 'Y', 'R', NULL, 'L', NULL, '1', 'N', 'JTK', NULL, NULL, NULL, NULL, NULL, 152, 0, '13534', NULL, NULL, 'B', NULL, 'R', NULL);
INSERT INTO `dealer` VALUES (NULL, '200', 'PT. ANEKA PUTRA SANTOSA', 'JL. KAPT. P. TENDEAN NO.5', NULL, 12710, '021.5212433', '021.5226937', NULL, 0, '200', '12', 'PT ANEKA PUTRA SANTOSA', 'JL.KAPT.P.TENDEAN NO.5', NULL, '01.977.668.1-014.000', 0, '0', 14, 'Y', 1620750560, 1620750560, NULL, 'TA', NULL, NULL, NULL, NULL, NULL, NULL, NULL, NULL, 'N', 'R', NULL, 'L', NULL, '2', 'N', 'CMG', NULL, NULL, NULL, NULL, NULL, 0, 0, NULL, 0, 0, 'B', NULL, 'R', NULL);
INSERT INTO `dealer` VALUES (NULL, '092', 'Indi Jaya Motorindo', 'JL. KH. HASYIM ASHARI NO. 68', 'CILEDUG - TANGERANG', 0, '7336493-94', '7336492', 'INDRAJANI TANUWIDJAYA', 0, '092', '151', 'PT.INDIJAYA MOTORINDO', 'KH.HASYIM ASHARI NO.68', 'PEDURENAN,CILEDUG,TANGERANG', '01.725.801.3-416.000', 0, '0', 14, 'Y', 3500000000, 3500000000, 1176000000, '01699', 0, NULL, '1899-12-30 00:00:00', NULL, NULL, '1899-12-30 00:00:00', NULL, NULL, 'Y', 'R', NULL, 'L', NULL, '1', 'N', 'JTK', NULL, NULL, NULL, NULL, NULL, 152, 100, '01699', NULL, NULL, 'B', NULL, 'R', NULL);
INSERT INTO `dealer` VALUES (NULL, '190', 'Mancung Motor', 'JL RAYA SERANG, BALARAJA BARAT', 'KABUPATEN - TANGERANG', 15710, '021 ? 93727637', '021 ? 93727637', NULL, 0, '190', '152', 'PT.MANCUNG MOTOR', 'JL.RAYA SERANG, BALARAJA BARAT', 'KABUPATEN - TANGERANG', '31.233.385.9-451.000', 0, '2', 14, 'Y', 3000000000, 3000000000, NULL, '12631', NULL, '01732', '2013-09-25 00:00:00', 'PT MANCUNG MOTOR', NULL, NULL, '9880169855', '1', 'Y', 'R', NULL, 'L', NULL, '1', 'N', 'JTK', NULL, NULL, NULL, NULL, NULL, 152, 0, '12631', NULL, NULL, 'B', NULL, 'C', NULL);
INSERT INTO `dealer` VALUES (NULL, '197', 'Mitra Mulia Anugerah', 'JL. RAYA CISAUK NO.15-17', 'RUKO SERPONG GARDEN TANGERANG', 15310, '021-99878363', NULL, NULL, 0, '197', '152', 'PT.MITRA MULIA ANUGERAH', 'JL.RAYA CISAUK NO.15-17', 'RUKO SERPONG GARDEN TANGERANG', '31.297.557.6-451.000', 0, '3', 14, 'N', 2214900000, 2900000000, NULL, '13065', 213205798398, NULL, NULL, 'PT MITRA MULIA ANUGERAH', NULL, NULL, '7120382599', NULL, 'Y', 'R', NULL, 'L', 'mma889@yahoo.com', '1', 'N', 'JTK', NULL, NULL, NULL, NULL, NULL, 152, 100, '13065', NULL, NULL, 'B', NULL, 'R', NULL);
INSERT INTO `dealer` VALUES (NULL, '178', 'Tigaraksa Motor', 'ARIAWANGSA KARA NO.55 RT.01/06', 'TIGARAKSA TANGERANG', 0, '021.5991188', '021.5991221', NULL, 0, '178', '152', 'PT.TUAIAN LUMBUNG HARAPAN', 'ARIAWANGSA KARA NO.55 RT.01/06', 'TIGARAKSA TANGERANG', '02.764-180.2-451.000', 0, '0', 14, 'Y', 1720230000, 2550000000, NULL, '08045', NULL, NULL, NULL, NULL, NULL, NULL, NULL, NULL, 'Y', 'R', NULL, 'L', NULL, '1', 'N', 'JTK', NULL, NULL, NULL, NULL, NULL, 152, 100, '12073', NULL, NULL, 'B', NULL, 'R', NULL);
INSERT INTO `dealer` VALUES (NULL, '119', 'PT. WAHANAARTHA HARSAKA GS***', NULL, NULL, 0, NULL, NULL, NULL, 0, 'G00', '11', 'PT WAHANAARTHA HARSAKA', 'JL.GUNUNG SAHARI RAYA NO. 32', 'JAKARTA - PUSAT   10720', '01.596.925.6-026.000', 0, '0', 14, 'Y', 0, 0, 0, '01000', 0, NULL, '1899-12-30 00:00:00', NULL, NULL, '1899-12-30 00:00:00', NULL, 'GSA', 'N', 'R', 'Y', 'L', 'rachmat@wahanaartha.com', '2', 'N', 'CMG', 'Y', NULL, NULL, NULL, NULL, 0, 0, 'TA', 0, 0, 'T', NULL, 'R', NULL);
INSERT INTO `dealer` VALUES (NULL, '187', 'Ramayana Mitra Sejahtera', 'JL.WR SUPRATMAN. NO 56 RT 002', 'RW 005. PONDOK AREN TANGERANG', 15310, '021.7371395', NULL, NULL, 0, '187', '153', 'RAMAYANA  MITRA SEJAHTERA', 'JL.WR.SUPRATMAN NO.56 RT 002', 'RW 005 PONDOK AREN TANGERANG', '31.177.722.1-411.000', 0, '3', 14, 'Y', 3621300000, 3621300000, NULL, '12594', NULL, NULL, NULL, 'PT RAMAYANA MITRA SEJAHTERA', NULL, NULL, '2873555556', '1', 'Y', 'R', NULL, 'L', 'ramayanabp@yahoo.com', '1', 'N', 'JTK', NULL, NULL, NULL, NULL, NULL, 152, 100, '12594', NULL, NULL, 'B', NULL, 'C', NULL);
INSERT INTO `dealer` VALUES (NULL, '006', 'Cahaya Mas', 'JL. KAPUK RAYA NO. 11-A', 'JAKARTA-BARAT', 0, '628-0486-88, 659-2570-73', '659-2573', 'A CHUNG', 0, '006', '11', 'CV.CAHAYA MAS', 'JL.KAPUK RAYA NO.11 C-D KAPUK', 'CENGKARENG JAKARTA-BARAT 11720', '01.930.673.7-034.000', 0, '2', 14, 'Y', 2000000000, 2750000000, 1436000000, '03541', 0, '3', '2002-10-21 00:00:00', 'CV CAHAYA MAS', '60', '2002-10-21 00:00:00', '1689006556', NULL, 'Y', 'R', NULL, 'L', NULL, '2', 'N', 'CMG', NULL, NULL, NULL, NULL, NULL, 152, 100, '03541', NULL, NULL, 'B', NULL, 'R', NULL);
INSERT INTO `dealer` VALUES (NULL, '117', 'WARI - Balaraja', 'JL SERANG KM 24, DS TLG SARI', 'BALARAJA TANGERANG', 0, '08128078749', NULL, 'TARYUDIN', 0, 'G00', '152', 'PT.WAHANAARTHA RITELINDO', 'JL.RAYA SERANG KM.24 BALARAJA', 'TANGERANG BANTEN 15610', '03.048.255.8-026.000', 0, '3', 14, 'Y', 0, 0, 0, '06278', 0, NULL, NULL, 'PT WAHANAARTHA RITELINDO', NULL, NULL, '0023082851', 'BAL', 'Y', 'R', 'Y', 'L', 'nina@wahanaartha.com', '1', 'N', 'JTK', 'Y', NULL, NULL, NULL, NULL, 152, 80, '06278', NULL, NULL, 'B', NULL, 'C', NULL);
INSERT INTO `dealer` VALUES (NULL, '126', 'Jatake Motor', 'JL.RAYA PASARKEMIS, RUKO BUANA', 'SUBUR BLOK A 5/6, TANGGERANG', 0, '021 9243819, 0816-795089', '021 9243840', 'W.TABRANI SISWARA', 0, '126', '152', 'PT.SARANA MITRA SEJAHTERAABADI', 'JL.RAYA PASARKEMIS,RUKO BUANA', 'SUBUR BLOK A5/6  TANGERANG', '02.155.519.8-418.000', 0, '2', 14, 'Y', 3500000000, 4200000000, 450000000, '05520', 0, NULL, '1899-12-30 00:00:00', 'PT SARANA MITRA SEJAHTERA ABAD', NULL, '1899-12-30 00:00:00', '1689011568', NULL, 'Y', 'R', NULL, 'L', NULL, '1', 'N', 'JTK', NULL, NULL, NULL, NULL, NULL, 152, 90, '05520', NULL, NULL, 'B', NULL, 'C', NULL);
INSERT INTO `dealer` VALUES (NULL, '001', 'PRO UNION INDOJAYA I (SB)', 'H.SAMANHUDI 2A', 'JAKARTA BARAT', 0, '345-5721-4, 345-8647-8', '384-7732', 'SUNAGA KASIMAN', 0, 'G09', '10', 'PT.PRO UNION INDOJAYA', 'H.SAMANHUDI 2A', 'JAKARTA - PUSAT', '01.372.739.1-025.000', 0, '0', 14, 'Y', 0, 0, 0, '05087', 0, NULL, NULL, NULL, NULL, NULL, NULL, NULL, 'N', 'R', NULL, 'L', NULL, '2', 'N', 'CMG', NULL, NULL, NULL, NULL, NULL, 0, 0, '05087', 0, 0, 'B', NULL, 'R', NULL);
INSERT INTO `dealer` VALUES (NULL, '102', 'WARI - Kali Malang', 'TARUM BRT KAV AGRARIA N/12', 'JAKTIM', 0, NULL, NULL, 'VICA VAYERA', 0, 'G00', '13', 'PT.WAHANAARTHA RITELINDO', 'JL.INSPEKSI KALIMALANG N4/12B', 'DUREN SAWIT JAKARTA TIMUR', '03.048.255.8-026.000', 0, '3', 14, 'Y', 0, 0, 0, '00947', 0, NULL, NULL, 'PT WAHANAARTHA RITELINDO', NULL, NULL, '0023082851', 'KMA', 'Y', 'R', 'Y', 'L', 'nina@wahanaartha.com', '2', 'N', 'CMG', 'Y', NULL, NULL, NULL, NULL, 152, 0, '00947', NULL, NULL, 'B', NULL, 'C', NULL);
INSERT INTO `dealer` VALUES (NULL, '060', 'WAHANA ARTHA HARSAKA (GS)', 'GUNUNG SAHARI RAYA 32', 'JAKARTA - PUSAT', 0, '6012070', '6284049', 'BUDI SETIAWAN', 0, 'G00', '10', 'PT.WAHANAARTHA HARSAKA', 'JL.GUNUNG SAHARI RAYA NO. 32', 'JAKARTA - PUSAT', '01.596.925.6-026.000', 0, '0', 14, 'Y', 0, 100000000000, 0, '01000', 0, NULL, '1899-12-30 00:00:00', NULL, NULL, '1899-12-30 00:00:00', NULL, 'GSA', 'N', 'R', 'Y', 'L', NULL, '2', 'N', 'CMG', 'Y', NULL, NULL, NULL, NULL, 0, 0, 'TA', 0, 0, 'T', NULL, 'R', NULL);
INSERT INTO `dealer` VALUES (NULL, '999', 'PT.CARREFOUR INDONESIA', 'GD.CARREFOUR JL.LEBAK BULUS', 'NO.8 JAKARTA 12310', NULL, '27585804', NULL, NULL, NULL, '999', '11', 'PT. CARREFOUR INDONESIA', 'GEDUNG CARREFOUR JL.LEBAK BULUS NO.8', 'JAKARTA 12310', '01.711.062.8-091.000', 0, '0', 14, 'N', 6000000000, 0, NULL, '01000', 21144542088, NULL, NULL, NULL, NULL, NULL, NULL, NULL, 'N', 'R', NULL, 'L', NULL, '1', 'N', 'CMG', NULL, NULL, NULL, NULL, NULL, NULL, NULL, 'TA', 0, 0, 'T', NULL, 'R', NULL);
INSERT INTO `dealer` VALUES (NULL, '132', 'GAJAH MADA MOTOR, PT', 'JL. GAJAH MADA NO. 153', 'JAKARTA BARAT', 0, '021 6317171, 6313033', NULL, 'IQBAL A. ABDULLAH', 0, '132', '11', 'PT.GAJAH MADA MOTOR', 'JL.GAJAH MADA NO.153 RT.002/08', 'TAMANSARI  JAKARTA BARAT', '02.188.909.2-037.000', 0, '0', 14, 'Y', 2000000000, 2000000000, 2010000000, '06429', 0, NULL, '1899-12-30 00:00:00', NULL, NULL, '1899-12-30 00:00:00', NULL, NULL, 'N', 'R', NULL, 'L', NULL, '2', 'N', 'CMG', NULL, NULL, NULL, NULL, NULL, 0, 0, '06429', 0, 0, 'B', NULL, 'R', NULL);
INSERT INTO `dealer` VALUES (NULL, '146', 'Telaga Mestika Mas', 'Jl. IMAM BONJOL RAYA NO. 42 C', 'KARAWACI TANGERANG', 15115, NULL, NULL, NULL, 0, '146', '151', 'PT.TELAGA MESTIKA MAS', 'JL.IMAM BONJOL KARAWACI NO.42C', 'KARAWACI  TANGERANG - 15115', '02.120.972.1-402.000', 0, '3', 14, 'Y', 2000000000, 2700000000, 2000000000, '06990', NULL, NULL, NULL, 'PT TELAGA MESTIKA MAS', NULL, NULL, '1083026638', NULL, 'Y', 'R', NULL, 'L', 'ir4_cheung@yahoo.com', '1', 'N', 'JTK', NULL, NULL, NULL, NULL, NULL, 152, 100, '06990', NULL, NULL, 'B', NULL, 'R', NULL);
INSERT INTO `dealer` VALUES (NULL, '193', 'Sentra Armada Motor', 'JL RE MARTADINATA NO. 29', 'RT 03 RW 09 CIPUTAT-TANGSEL', NULL, '7414734', '74703183', NULL, 0, '193', '153', 'PT.SENTRA ARMADA MOTOR', 'JL. RE MARTADINATA NO.29', 'RT 03 RW 09 CIPUTAT-TANGSEL', '31.218.602.6-411.000', 1, '1', 14, 'Y', 2250000000, 2250000000, NULL, '12701', NULL, NULL, NULL, NULL, NULL, NULL, NULL, NULL, 'Y', 'R', NULL, 'L', NULL, '1', 'N', 'JTK', NULL, NULL, NULL, NULL, NULL, 152, 100, '12701', NULL, NULL, 'B', NULL, 'R', NULL);
INSERT INTO `dealer` VALUES (NULL, '079', 'Pandawa Lima', 'JL. PLUMPANG SEMPER NO. 13', 'JAKARTA UTARA', 0, NULL, NULL, NULL, 0, '079', '14', 'PT.PANDAWA LIMA GROUP', 'JL.PLUMPANG SEMPER NO. 13', 'RAWA BADAK,KOJA JAKARTA-UTARA', '02.187.234.6-045.000', 0, '0', 14, 'Y', 1799100000, 970000000, 1650000000, '01836', 0, NULL, '1899-12-30 00:00:00', NULL, NULL, '1899-12-30 00:00:00', NULL, NULL, 'Y', 'R', NULL, 'L', NULL, '2', 'N', 'CMG', NULL, NULL, NULL, NULL, NULL, 152, 100, '01836', NULL, NULL, 'B', NULL, 'R', NULL);
INSERT INTO `dealer` VALUES (NULL, '101', 'Ramayana Bengawan Putrajaya', 'JL. RAYA MERUYA UTARA NO. 52 A', 'B, JAKARTA BARAT', 0, '5846635-36', '5862040', 'SETIAWAN', 0, '101', '11', 'PT.RAMAYANA BENGAWAN PUTRAJAYA', 'RAYA MERUYA UTARA NO.52 A/B', 'JAKARTA BARAT', '01.903.890.0-086.000', 0, '3', 14, 'Y', 7099800000, 7099800000, 1092000000, '02670', 0, NULL, NULL, 'PT RAMAYANA BENGAWAN PUTRAJAYA', NULL, NULL, '2873012323', NULL, 'Y', 'R', NULL, 'L', 'ramayanabp@yahoo.com', '2', 'N', 'CMG', NULL, NULL, NULL, NULL, NULL, 152, 90, '02670', NULL, NULL, 'B', NULL, 'R', NULL);
INSERT INTO `dealer` VALUES (NULL, '163', 'Haka Motor', 'JL. SURYA DARMA NO. 1 RT.02/02', 'MEKAR SARI, NEGLASARI TNG', NULL, NULL, NULL, NULL, 0, '163', '151', 'PT.HAKA MITRA SELARAS ABADI', 'MARSEKAL SURYA DHARMA', 'MEGLA SARI, TANGERANG', '02.491.033.3-402.001', 0, '0', 14, 'Y', 3049200000, 0, NULL, '09599', NULL, NULL, NULL, NULL, NULL, NULL, NULL, NULL, 'N', 'R', NULL, 'L', NULL, '1', 'N', 'JTK', NULL, NULL, NULL, NULL, NULL, 0, 0, '09599', 0, 0, 'B', NULL, 'R', NULL);
INSERT INTO `dealer` VALUES (NULL, '139', 'Wira Setia Motor', 'JL. PEMUDA KAV 720', 'JAKARTA TIMUR', 13220, '4890260, 4893222, 4897616', '4893517', NULL, 0, '139', '13', 'PT.WIRA SETIA NUGRAHA', 'PEMUDA KAV.NO.720 BLOK.W JATI', 'PULO GADUNG JAK-TIM 13220', '02.245.498.7-003.000', 0, '0', 14, 'Y', 2910420000, 2910420000, 2618000000, '06987', NULL, NULL, NULL, NULL, NULL, NULL, NULL, NULL, 'Y', 'R', NULL, 'L', NULL, '2', 'N', 'CMG', NULL, NULL, NULL, NULL, NULL, 152, 100, '06987', NULL, NULL, 'B', NULL, 'R', NULL);
INSERT INTO `dealer` VALUES (NULL, '068', 'Prima Motor', 'CILEDUG RAYA NO. 55C', 'TANGERANG', 0, '5857725-26', NULL, 'JACK ARIFIN', 0, '068', '151', 'JACK ARIFIN', 'HOS.COKROAMINOTO NO.55-C', 'TANGERANG', '06.562.558.4-402.001', 0, '3', 14, 'Y', 3938574118, 4738574118, 486000000, '05009', 0, NULL, '1899-12-30 00:00:00', 'JACK ARIFIN / PRIMA MOTOR', NULL, '1899-12-30 00:00:00', '3453011298', NULL, 'Y', 'R', NULL, 'L', 'prima_motor_2005@yahoo.com', '1', 'N', 'JTK', NULL, NULL, NULL, NULL, NULL, 152, 100, '05009', NULL, NULL, 'B', NULL, 'R', NULL);
INSERT INTO `dealer` VALUES (NULL, '186', 'Maju Gemilang Makmur', 'JL. RAYA RAJEG, PASAR KEMIS', 'KM.18 KAB TANGERANG', 15560, '021-59305688', NULL, NULL, 0, '186', '152', 'PT.MAJU GEMILANG MAKMUR', 'JL.RAYA RAJEG, PASAR KEMIS', 'KM.18 KAB TANGERANG', '31.175.730.6-418.000', 0, '3', 14, 'Y', 1341900000, 1800000000, NULL, '12585', NULL, NULL, NULL, 'PT Maju Gemilang Makmur', NULL, NULL, '8680831000', NULL, 'Y', 'R', NULL, 'L', 'mgm.jaringanhonda@gmail.com', '1', 'N', 'JTK', NULL, NULL, NULL, NULL, NULL, 152, 80, '12585', NULL, NULL, 'B', NULL, 'R', NULL);
INSERT INTO `dealer` VALUES (NULL, '110', 'Palmerah - Cakung', 'JL. RAYA BEKASI KM.23', NULL, 0, '4618146', '4618146', 'RUSLAN', 0, 'G14', '13', 'PT.PALMERAH MOTORINDO', 'JL.RAYA BEKASI KM.23', 'CAKUNG BARAT JAKARTA-TIMUR', '02.004.838.5-006.001', 0, '3', 14, 'Y', 1525000000, 2600000000, 1626000000, '05003', 0, NULL, '1899-12-30 00:00:00', 'PT PALMERAH MOTORINDO', NULL, '1899-12-30 00:00:00', '2293010773', NULL, 'Y', 'R', NULL, 'L', 'palmerahmotor@jaringanhonda.co', '2', 'N', 'CMG', NULL, NULL, NULL, NULL, NULL, 152, 100, '05003', NULL, NULL, 'B', NULL, 'R', NULL);
INSERT INTO `dealer` VALUES (NULL, '201', 'Mantap Motor', 'JL. JEND. BASUKI RACHMAT NO.23', 'RT.001 RW.010 KEC. JATINEGARA', 13940, '021-85901684', NULL, NULL, 0, '201', '13', 'MANAJEMEN ANDALAN TETAP P', 'JL.BASUKI RACHMAT NO.23 RT.012/RW.010', 'CIPINANG BESAR SELATAN-JATINEGARA', '02.192.529.2-002.001', 0, '0', 14, 'Y', 1000000000, 0, NULL, '13429', NULL, NULL, NULL, NULL, NULL, NULL, NULL, NULL, 'Y', 'R', NULL, 'L', NULL, '2', 'N', 'CMG', NULL, NULL, NULL, NULL, NULL, 152, 0, '13429', NULL, NULL, 'B', NULL, 'R', NULL);
INSERT INTO `dealer` VALUES (NULL, '083', 'CHANDRA PARAMA MAS', 'JL. PEGAMBIRAN NO. 2C, JATI', 'PULOGADUNG, JAKARTA TIMUR', 0, '4722553 - 4723129', '651-4571', 'DONNY CHANDRA', 0, '083', '13', 'PT.CHANDRA PARAMA MAS', 'JL.PEGAMBIRAN NO.2C JATI', 'PULO GADUNG JAKARTA - TIMUR', '01.812.826.4-003.000', 0, '0', 14, 'Y', 1751400000, 0, 963300000, '03557', 0, NULL, '1899-12-30 00:00:00', NULL, NULL, '1899-12-30 00:00:00', NULL, NULL, 'N', 'R', NULL, 'L', NULL, '2', 'N', 'CMG', NULL, NULL, NULL, NULL, NULL, 0, 0, '03557', 0, 0, 'B', NULL, 'R', NULL);
INSERT INTO `dealer` VALUES (NULL, '205', 'DAM Motor - Rawamangun', 'JL. PEGAMBIRAN NO.2C RT. 013', 'RW. 007', 13220, '021 - 29617658', '021 - 29617657', NULL, 0, '205', '13', 'PT.DAYA ANUGRAH MANDIRI', 'JL.SOEKARNO - HATTA NO.518, BATUNUNGGAL', 'BANDUNG KIDUL KOTA BANDUNG', '02.159.5145-441.000', 0, '0', 14, 'Y', 921856571, 1900000000, NULL, '13544', NULL, NULL, NULL, NULL, NULL, NULL, NULL, NULL, 'Y', 'R', NULL, 'L', NULL, '2', 'N', 'CMG', NULL, NULL, NULL, NULL, NULL, 152, 70, '13544', NULL, NULL, 'B', NULL, 'R', NULL);
INSERT INTO `dealer` VALUES (NULL, '118', 'Mitra Makmur Mandiri', 'JL. IMAM BONJOL NO.35', 'KARAWACI - TANGERANG', 0, '(021)5538701/08164804175', '(021)9203969', 'JHON', 0, '118', '151', 'PT.MITRA MAKMURJAYA MANDIRI', 'JL.IMAM BONJOL NO.35B B-C', 'CIBODAS TANGERANG TANGERANG', '02.095.610.8-402.000', 0, '2', 14, 'N', 6500000000, 6500000000, 764000000, '02816', 439089537779, '138', '2003-04-30 00:00:00', 'PT MITRA MAKMURJAYA MANDIRI', '142', '2003-04-30 00:00:00', '1689008800', NULL, 'Y', 'R', NULL, 'L', NULL, '1', 'N', 'JTK', NULL, NULL, NULL, NULL, NULL, 152, 110, '02816', NULL, NULL, 'B', NULL, 'R', NULL);
INSERT INTO `dealer` VALUES (NULL, '063', 'Samudra Motor', 'RAYA BOGOR KM 26', 'JAKARTA - TIMUR', 0, NULL, NULL, NULL, 0, '063', '13', 'CV.SAMUDRA MOTOR', 'JL.RAYA BOGOR KM.26 NO.14', 'CIRACAS  JAKARTA - TIMUR 13740', '02.056.447.2-009.000', 1, '1', 14, 'Y', 2500000000, 2500000000, 1957000000, '05271', 0, NULL, NULL, NULL, NULL, NULL, NULL, NULL, 'Y', 'R', NULL, 'L', NULL, '2', 'N', 'CMG', NULL, NULL, NULL, NULL, NULL, 152, 0, '05271', NULL, NULL, 'B', NULL, 'R', NULL);
INSERT INTO `dealer` VALUES (NULL, '995', 'ASTRAVAGANZA', NULL, NULL, NULL, NULL, NULL, NULL, NULL, '995', '10', 'ASTRAVAGANZA', NULL, NULL, NULL, 0, '0', 14, 'Y', 6000000000, 0, NULL, '01000', NULL, NULL, NULL, NULL, NULL, NULL, NULL, NULL, 'N', 'R', NULL, 'L', NULL, '1', 'N', 'CMG', NULL, NULL, NULL, NULL, NULL, 0, 0, 'TA', 0, 0, 'T', NULL, 'R', NULL);
INSERT INTO `dealer` VALUES (NULL, '113', 'PT WAHANA MAKMUR SEJATI OFC', 'JL GN SAHARI 32 JAKARTA', NULL, 0, '6281700', NULL, 'SUPARDI+HERU SETIAWAN-GSO', 0, '097', '11', 'PT GRAMEDIA', 'JL.PALMERAH SELATAN NO.22', 'JAKARTA - PUSAT', '01.002.689.6-022.000', 0, '0', 14, 'Y', 0, 0, 0, '01000', 0, NULL, '1899-12-30 00:00:00', NULL, NULL, '1899-12-30 00:00:00', NULL, NULL, 'N', 'R', 'Y', 'L', NULL, '2', 'N', 'CMG', NULL, NULL, NULL, NULL, NULL, 0, 0, 'TA', 0, 0, 'T', NULL, 'R', NULL);
INSERT INTO `dealer` VALUES (NULL, '168', 'Bareno Motor', 'JL. R.C. VETERAN NO 555 BLOK', 'B-C BINTARO JAK-SEL', NULL, '93871465', NULL, NULL, 0, '168', '12', 'PT.BARENO TIGA BERSAUDARA', 'JL.RC VETERAN NO.555 BLOK B-C', 'RT/RW: 003/011 BINTARO JAK-SEL', '01.464.912.3-013.001', 0, '0', 14, 'Y', 500000000, 850000000, NULL, '10053', NULL, NULL, NULL, NULL, NULL, NULL, NULL, NULL, 'Y', 'R', NULL, 'L', NULL, '2', 'N', 'CMG', NULL, NULL, NULL, NULL, NULL, 152, 100, '10053', NULL, NULL, 'B', NULL, 'R', NULL);
INSERT INTO `dealer` VALUES (NULL, '148', 'Clara - Kebon Jeruk', 'JL. ARTERI KEBON JERUK', 'JL PANJANG JAKARTA BARAT', 11530, NULL, NULL, NULL, 0, '148', '11', 'CV.CLARA MOTOR II', 'JL. PANJANG ARTERI KEBON JERUK', 'JAKARTA BARAT', '02.002.927.8-035.001', 0, '0', 14, 'Y', 4800000000, 3000000000, 1500000000, '08942', NULL, NULL, NULL, NULL, NULL, NULL, NULL, NULL, 'Y', 'R', NULL, 'L', NULL, '2', 'N', 'CMG', NULL, NULL, NULL, NULL, NULL, 152, 100, '08942', NULL, NULL, 'B', NULL, 'C', NULL);
INSERT INTO `dealer` VALUES (NULL, '108', 'PRANATA MEGANTARA, PT', 'JL. GATOT SUBROTO KM. 6', 'ARYA PLAZA KAV17 JATAKE-TGR', 0, '55653245, 5912899, 2799', NULL, 'CHANDRA ADYPRANTA', 0, '108', '151', 'PT.PRANATA MEGANTARA', 'JL.GATOT SUBROTO KM 6,8 NO.23', 'KEL.JATAKE-KOTA TANGERANG', '02.239.672.5-402.000', 0, '0', 14, 'Y', 1397000000, 0, 841000000, '05025', 0, NULL, '1899-12-30 00:00:00', NULL, NULL, '1899-12-30 00:00:00', NULL, NULL, 'N', 'R', NULL, 'L', NULL, '1', 'N', 'CMG', NULL, NULL, NULL, NULL, NULL, 0, 0, '05025', 0, 0, 'B', NULL, 'R', NULL);
INSERT INTO `dealer` VALUES (NULL, '080', 'MENARA AUTORINDO NUSANTARA', 'JL. TUBAGUS ANGKE', 'JAKARTA BARAT', 0, NULL, NULL, 'EFENDI L', 0, '080', '11', 'PT.MENARA AUTORINDO NUSANTARA', 'JL.TB.ANGKE NO.20 BLK.B.1-2', 'JELAMBAR BARU JAKARTA - BARAT', '01.804.165.7-031.000', 0, '0', 14, 'Y', 250000000, 250000000, 0, '04496', 0, NULL, '1899-12-30 00:00:00', NULL, NULL, '1899-12-30 00:00:00', NULL, NULL, 'N', 'R', NULL, 'L', NULL, '2', 'N', 'CMG', NULL, NULL, NULL, NULL, NULL, 0, 0, '04496', 0, 0, 'B', NULL, 'R', NULL);
INSERT INTO `dealer` VALUES (NULL, '169', 'WARI - Cipondoh', 'JL. K.H. HASYIM ASHARI NO. 8', 'CIPONDOH-TANGERANG', NULL, '55755066', NULL, NULL, 0, 'G00', '151', 'PT.WAHANAARTHA RITELINDO', 'JL.KH HASYIM ASHARI RT.003/010', 'CIPONDOH TANGERANG', '03.048.255.8-026.000', 0, '3', 14, 'Y', 0, 0, NULL, '06985', NULL, NULL, NULL, 'PT WAHANAARTHA RITELINDO', NULL, NULL, '0023082851', 'CPD', 'Y', 'R', 'Y', 'L', 'nina@wahanaartha.com', '1', 'N', 'JTK', 'Y', NULL, NULL, NULL, NULL, 152, 70, '06985', NULL, NULL, 'B', NULL, 'C', NULL);
INSERT INTO `dealer` VALUES (NULL, '188', 'Bintang Alam Jaya', 'Jl. KOMP MUTIARA KOSAMBI 2', 'BLOK A 20, JL RAYA PRANCIS', 0, '021-5371648', '021-59305688', NULL, 0, '188', '151', 'PT.BINTANG ALAM JAYA', 'JL.HALIM PERDANA KUSUMA RT.01/02', 'KEL.JURUMUDI BARU KEC.BENDA KOTA TANGERANG', '02.553.482.7-402.001', 1, '1', 14, 'Y', 3500000000, 3500000000, NULL, '12593', NULL, NULL, NULL, NULL, NULL, NULL, NULL, '0', 'Y', 'R', NULL, 'L', NULL, '1', 'N', 'JTK', NULL, NULL, NULL, NULL, NULL, 152, 100, '12593', NULL, NULL, 'B', NULL, 'R', NULL);
INSERT INTO `dealer` VALUES (NULL, '170', 'Jagakarsa Motor', 'JL. MOH KAFFI II NO 20', 'SRENGSENG SWH JAK-SEL', NULL, '7864448', '78891809', NULL, 0, '170', '12', 'PT.JAGAKARSA', 'JL.M.KAHFI II NO.20 RT.013/RW 009', 'SRENGSENG SAWAH JAGAKARSA JAKSEL', '02.534.637.0-017.000', 0, '3', 14, 'Y', 540000000, 1125000000, NULL, '10878', NULL, NULL, NULL, 'PT JAGAKARSA', NULL, NULL, '2103021588', NULL, 'Y', 'R', NULL, 'L', 'jagakarsa_motor@ymail.com', '2', 'N', 'CMG', NULL, NULL, NULL, NULL, NULL, 152, 100, '10878', NULL, NULL, 'B', NULL, 'R', NULL);
INSERT INTO `dealer` VALUES (NULL, '004', 'Budi Motor - Latumenten', 'LATUMENTEN NO.16 B/C', 'JAKARTA - BARAT', 0, '631-1195, 630-6128', '631-3037', 'DAUDSYAH SADELI', 0, '004', '11', 'DAUDSYAH SADELI (BUDI MOTOR)', 'JL.PROF.DR.LATUMENTEN NO.16B/C', 'JAKARTA - BARAT', '04.051.588.4-033.000', 0, '3', 14, 'Y', 800000000, 1145000000, 755000000, '03381', 0, NULL, '1899-12-30 00:00:00', 'HO LIAN HOA', NULL, '1899-12-30 00:00:00', '3113003843', NULL, 'Y', 'R', NULL, 'L', 'sukendro_s@hotmail.com', '2', 'N', 'CMG', NULL, NULL, NULL, NULL, NULL, 152, 0, '03381', NULL, NULL, 'B', NULL, 'R', NULL);
INSERT INTO `dealer` VALUES (NULL, '048', 'Dunia Motorindo - WM', 'W. MANGINSIDI 129B', 'JAKARTA - SELATAN', 0, NULL, NULL, NULL, 0, 'G07', '12', 'PT.DUNIA MOTORINDO CEMERLANG', 'JL.WOLTER MONGINSIDI NO.129 B RAWA', 'BARAT KEBAYORAN BARU, JAKARTA SELATAN', '01.997.010.2-012.001', 0, '3', 14, 'Y', 1125000000, 1125000000, 0, '00566', 0, NULL, NULL, 'PT DUNIA MOTORINDO CEMERLANG', NULL, NULL, '2103017556', NULL, 'Y', 'R', NULL, 'L', 'sidumowm@yahoo.co.id', '2', 'N', 'CMG', NULL, NULL, NULL, NULL, NULL, 152, 100, '00566', NULL, NULL, 'B', NULL, 'R', NULL);
INSERT INTO `dealer` VALUES (NULL, '129', 'WARI - Karang Mulya', 'JL. RADEN SALEH NO. 34D', 'KARANG MULYA - TANGERANG', 0, '021.73453124/021.73454171', NULL, 'STEVEN', 0, 'G00', '151', 'PT.WAHANAARTHA RITELINDO', 'JL.RADEN SALEH NO.34 D', 'KARANG MULYA  TANGERANG', '03.048.255.8-026.000', 0, '3', 14, 'Y', 0, 0, 0, '07556', 0, NULL, NULL, 'PT WAHANAARTHA RITELINDO', NULL, NULL, '0023082851', 'KMU', 'Y', 'R', 'Y', 'L', 'nina@wahanaartha.com', '1', 'N', 'JTK', 'Y', NULL, NULL, NULL, NULL, 152, 50, '06275', NULL, NULL, 'B', NULL, 'C', NULL);
INSERT INTO `dealer` VALUES (NULL, '036', 'Atlantic', 'KS. TUBUN 45', 'JAKARTA - PUSAT', 0, '5709214', NULL, 'BUDIANTO GUNADI', 0, '036', '10', 'ATLANTIC MOTOR (BUDIANTO G)', 'JL.KS. TUBUN NO.45', 'PETAMBURAN,JAKARTA - PUSAT', '06.069.667.1-072.000', 0, '0', 14, 'Y', 453818308, 453818308, 0, '00330', 0, NULL, '1899-12-30 00:00:00', NULL, NULL, '1899-12-30 00:00:00', NULL, NULL, 'Y', 'R', NULL, 'L', NULL, '2', 'N', 'CMG', NULL, NULL, NULL, NULL, NULL, 152, 100, '00330', NULL, NULL, 'B', NULL, 'R', NULL);
INSERT INTO `dealer` VALUES (NULL, '138', 'Tunas Dwipa', 'JL. DR. SAHARJO NO. 319', 'TEBET - JAKARTA SELATAN', 0, '8357161, 8294243', '8357162', 'OKTO LARIDO', 0, '138', '12', 'PT.TUNAS DWIPA MATRA', 'JL.R.INTAN NO.65 TANJUNGKARANG', 'BANDAR LAMPUNG', '01.239.424.3-322.000', 0, '2', 14, 'Y', 2500000000, 2500000000, 0, '06504', 0, '148', '2014-10-29 00:00:00', 'PT Tunas Dwipa Matra', NULL, NULL, '1689012459', NULL, 'Y', 'R', NULL, 'L', NULL, '2', 'N', 'CMG', NULL, NULL, NULL, NULL, NULL, 152, 80, '06504', NULL, NULL, 'B', NULL, 'C', NULL);
INSERT INTO `dealer` VALUES (NULL, '030', 'VARIAMOTOR SEMBADA', 'H. SAMANHUDI 25', 'JAKARTA', 0, '3841169', '3845304', 'TYTUS ISKANDAR', 0, '030', '10', 'PT.VARIAMOTOR SEMBADA', 'JL.H. SAMANHUDI NO.25', 'JAKARTA - PUSAT', '01.359.518.6-075.000', 0, '0', 14, 'Y', 1000000000, 1000000000, NULL, '01474', 0, NULL, '1899-12-30 00:00:00', NULL, NULL, '1899-12-30 00:00:00', NULL, NULL, 'N', 'R', NULL, 'L', NULL, '2', 'Y', 'CMG', NULL, NULL, NULL, NULL, NULL, 0, 0, '01474', 0, 0, 'B', NULL, 'R', NULL);
INSERT INTO `dealer` VALUES (NULL, '159', 'PT. SUNTER MITRA SEJAHTERA', 'JL.Griya Utara Blok A Kav 38 &', '39,Sunter Agung,Jakarta Utara', NULL, NULL, NULL, NULL, 0, '159', '14', 'PT.SUNTER MITRA SEJAHTERA', 'JL.GRIYA UTAMA BLOK.A KAV.NO.38 K', 'SUNTER AGUNG-JAKARTA UTARA 14350', '02.451.056.2-042.000', 0, '0', 14, 'Y', 1000000000, 1000000000, NULL, '08943', NULL, NULL, NULL, NULL, NULL, NULL, NULL, NULL, 'N', 'R', NULL, 'L', NULL, '2', 'N', 'CMG', NULL, NULL, NULL, NULL, NULL, 0, 0, '08943', 0, 0, 'B', NULL, 'R', NULL);
INSERT INTO `dealer` VALUES (NULL, '184', 'WARI - Cimone', 'JL. TEUKU UMAR NO.12A RT.03/08', 'NUSA JAYA - KARAWACI', 15115, '0215585431', '55730659', NULL, 0, 'G00', '151', 'PT.WAHANAARTHA RITELINDO', 'JL.TEUKU UMAR NO.12 A RT.003/008', 'NUSA JAYA KARAWACI TANGERANG', '03.048.255.8-026.000', 0, '3', 14, 'Y', 0, 0, NULL, '12206', NULL, NULL, NULL, 'PT WAHANAARTHA RITELINDO', NULL, NULL, '0023082851', 'CIM', 'Y', 'R', NULL, 'L', 'nina@wahanaartha.com', '1', 'N', 'JTK', 'Y', NULL, NULL, NULL, NULL, 152, 100, '12206', NULL, NULL, 'B', NULL, 'C', NULL);
INSERT INTO `dealer` VALUES (NULL, '145', 'Artha Sentra Oto', 'Jl. Lapangan Tembak No. 20', 'Cibubur, Jakarta Timur', NULL, '8715825, 58302540', '70710340', NULL, 0, '145', '13', 'PT.ARTHA SENTRA OTO', 'JL.RAYA LAP.TEMBAK NO.73', 'CIBUBUR  JAK-TIM 13720', '02.319.335.2-007.000', 1, '1', 14, 'Y', 3700000000, 3700000000, 773000000, '07908', NULL, NULL, '2006-05-12 00:00:00', NULL, NULL, NULL, '0701.209.060', NULL, 'Y', 'R', NULL, 'L', NULL, '2', 'N', 'CMG', NULL, NULL, NULL, NULL, NULL, 152, 80, '07908', NULL, NULL, 'B', NULL, 'R', NULL);
INSERT INTO `dealer` VALUES (NULL, '160', 'PT. WIPRA PATTIMURA PRATAMA', 'JL. RAYA KEBAYORAN LAMA', 'NO.17 A-B', NULL, '53670633', NULL, NULL, 0, '160', '11', 'PT. WIPRA PATTIMURA PRATAMA', 'JL.RAYA KEBAYORAN LAMA 17A-B', 'KEBUN JERUK - JAKARTA BARAT 11560', '02.433.359.3-035.000', 0, '0', 14, 'Y', 1000000000, 0, NULL, '08940', 523571730, NULL, NULL, NULL, NULL, NULL, NULL, NULL, 'N', 'R', NULL, 'L', NULL, '2', 'N', 'CMG', NULL, NULL, NULL, NULL, NULL, 0, 0, '08940', 0, 0, 'B', NULL, 'R', NULL);
INSERT INTO `dealer` VALUES (NULL, '045', 'Formula Diptajati', 'BANDENGAN SELATAN 58F', 'JAKARTA - UTARA', 0, '6692358,6615280', '6615280', 'TEGUH SAMUDRA', 0, '045', '11', 'PT.FORMULA DIPTAJATI', 'JL.BANDENGAN UTARA NO.31', 'JAKARTA - UTARA', '01.542.519.2-033.000', 0, '2', 14, 'Y', 1700000000, 1700000000, 3630000000, '02815', 0, '0168.0175.02', '2002-08-14 00:00:00', 'PT FORMULA DIPTAJATI', '84', '2002-09-23 00:00:00', '0749000912', NULL, 'Y', 'R', NULL, 'L', NULL, '2', 'N', 'CMG', NULL, NULL, NULL, NULL, NULL, 152, 80, '02815', NULL, NULL, 'B', NULL, 'C', NULL);
INSERT INTO `dealer` VALUES (NULL, '067', 'Pandawa Lima Sejati', 'KRAMAT RAYA NO. 32', 'JAKARTA - UTARA', 0, NULL, NULL, NULL, 0, 'G06', '14', 'PT.PANDAWA LIMA SEJATI', 'JL.RAYA PLUMPANG SEMPER NO. 13', 'RAWA BADAK, KOJA JAKARTA UTARA', '01.804.780.3-045.000', 0, '0', 14, 'Y', 1729828800, 600000000, 1100000000, '00949', 0, NULL, '1899-12-30 00:00:00', NULL, NULL, '1899-12-30 00:00:00', NULL, NULL, 'Y', 'R', NULL, 'L', NULL, '2', 'N', 'CMG', NULL, NULL, NULL, NULL, NULL, 152, 100, '00949', NULL, NULL, 'B', NULL, 'R', NULL);
INSERT INTO `dealer` VALUES (NULL, '185', 'Bejo Tunggal Putera', 'JL.RUKO PERMATA NIAGA NO.25', 'PERUMAHAN TAMAN ROYAL I', 15119, '021.5802156', '021.97914355', NULL, 0, '185', '151', 'PT.BEJO TUNGGAL PUTERA', 'RUKO SENTRA BISNIS PALEM NO. 7,8,9', 'JL.BENTENG BETAWI TAMAN ROYAL 3, TGR', '03.028.626.4-416.000', 0, '3', 14, 'Y', 2750650000, 1000000000, NULL, '12587', 323406930, NULL, NULL, 'PT BEJO TUNGGAL PUTERA', NULL, NULL, '6500317700', NULL, 'Y', 'R', NULL, 'L', 'bejo_putera@yahoo.com', '1', 'N', 'JTK', NULL, NULL, NULL, NULL, NULL, 152, 100, '12587', NULL, NULL, 'B', NULL, 'R', NULL);
INSERT INTO `dealer` VALUES (NULL, '155', 'Beky Motor', 'JL.GATOT SUBROTO KM 4', 'JATIUWUNG - TANGERANG', NULL, NULL, NULL, NULL, 0, '155', '151', 'PT.BEKY SRI REJEKI JAYA', 'JL. GATOT SUBROTO KM. 4', 'JATIUWUNG - TANGERANG', '02.451.166.9-402.000', 0, '0', 14, 'Y', 2691000000, 3400000000, NULL, '07919', 391108756425, NULL, NULL, NULL, NULL, NULL, NULL, NULL, 'Y', 'R', NULL, 'L', NULL, '1', 'N', 'JTK', NULL, NULL, NULL, NULL, NULL, 152, 0, '07919', NULL, NULL, 'B', NULL, 'R', NULL);
INSERT INTO `dealer` VALUES (NULL, '072', 'PRO UNION JAYA II (SPG)', 'RAYA SERPONG 22', 'TANGERANG', 0, '5399851', NULL, 'ANYAN', 0, 'G09', '152', 'PT.PRO UNION INDOJAYA', 'JL. RAYA SERPONG KM.10', 'TANGERANG', '01.372.739.1-411.001', 0, '0', 14, 'Y', 0, 0, 0, '01771', 0, NULL, '1899-12-30 00:00:00', NULL, NULL, '1899-12-30 00:00:00', NULL, NULL, 'N', 'R', NULL, 'L', NULL, '1', 'N', 'CMG', NULL, NULL, NULL, NULL, NULL, 0, 0, '01771', 0, 0, 'B', NULL, 'R', NULL);
INSERT INTO `dealer` VALUES (NULL, '023', 'Tunas Sakti', 'GRAND PLAZA BLK D18', 'TANGERANG', 0, '5524838, 5539952', '5524838', 'FADRY ANWAR', 0, '023', '151', 'CV.TUNAS SAKTI', 'JL.MERDEKA NO.21-21A RT.01/01', 'GARENDENG - TANGERANG 15113', '02.095.535.7-402.000', 0, '3', 14, 'Y', 1931050000, 2900000000, 1862100000, '05927', 0, NULL, NULL, 'CV Tunas Sakti', NULL, NULL, '8820468288', NULL, 'Y', 'R', NULL, 'L', 'tunassaktitangerang@gmail.com', '1', 'N', 'JTK', NULL, NULL, NULL, NULL, NULL, 152, 100, '05927', NULL, NULL, 'B', NULL, 'R', NULL);
INSERT INTO `dealer` VALUES (NULL, '133', 'Supra Motor', 'JL. GATOT SUBROTO 99', 'TANGERANG', 0, '55761850', '55761848', 'KOOSNADI D.', 0, '133', '151', 'PT.HARDIKA SUPRA ABADI', 'JL. GATOT SUBROTO RT/RW:03/01', 'UWUNGJAYA-PERIUK  TANGERANG', '02.239.698.0-402.000', 1, '1', 14, 'Y', 2500000000, 2500000000, 0, '06503', 0, NULL, NULL, NULL, NULL, NULL, NULL, NULL, 'Y', 'R', NULL, 'L', NULL, '1', 'N', 'JTK', NULL, NULL, NULL, NULL, NULL, 152, 80, '06503', NULL, NULL, 'B', NULL, 'R', NULL);
INSERT INTO `dealer` VALUES (NULL, '141', 'DAM Motor - Cikupa', 'JL RAYA SERANG Km 15 No. 6 RT', '01/01 TALAGA SARI CIKUPA', 0, '021 5960082 - 83', '021 5960081', NULL, 0, '141', '152', 'PT.DAYA ANUGRAH MANDIRI', 'JL. SOEKARNO-HATTA NO.518, BATUNUNGGAL', 'BANDUNG KIDUL KOTA BANDUNG', '02.159.514.5.441.000', 0, '0', 14, 'Y', 500000000, 3000000000, NULL, '07445', NULL, NULL, NULL, NULL, NULL, NULL, NULL, NULL, 'Y', 'R', NULL, 'L', NULL, '1', 'N', 'JTK', NULL, NULL, NULL, NULL, NULL, 152, 100, '07445', NULL, NULL, 'B', NULL, 'R', NULL);
INSERT INTO `dealer` VALUES (NULL, '131', 'Kalimantan Motor', 'JL.KH. MOCH. MANSYUR NO.202 F', 'JEMBATAN LIMA', 0, '021-6497073/0811-181878', '021-6398781', 'SANTOSO HIMAWAN', 0, '131', '11', 'PT.KALIMANTAN MITRA SEKAWAN', 'JL.MOH.MANSYUR NO.32', 'TAMBORA  JAKARTA - BARAT', '02.293.435.0-033.000', 0, '2', 14, 'Y', 3500000000, 3500000000, 3119000000, '06502', 0, NULL, '1899-12-30 00:00:00', 'PT KALIMANTAN MITRA SEKAWAN', NULL, '1899-12-30 00:00:00', '1689011461', NULL, 'Y', 'R', NULL, 'L', NULL, '2', 'N', 'CMG', NULL, NULL, NULL, NULL, NULL, 152, 100, '06502', NULL, NULL, 'B', NULL, 'C', NULL);
INSERT INTO `dealer` VALUES (NULL, '161', 'Cheger Motor', 'JL.RAYA CEGER 10 A,JURANGMANGU', 'TIMUR,PONDOK AREN,TGR', NULL, '73880168,73691037', NULL, NULL, 0, '161', '153', 'PT.CHEGER MOTOR', 'JL.CEGERRAYA NO.10A JURANGMANGU TIMUR', 'PONDOK AREN, TANGERANG 15222', '02.446.513.0-411.000', 0, '3', 14, 'Y', 1053000000, 1600000000, NULL, '07446', NULL, NULL, NULL, 'PT CHEGER MOTOR', NULL, NULL, '4740308071', NULL, 'Y', 'R', NULL, 'L', 'cheger@jaringanhonda.com', '1', 'N', 'JTK', NULL, NULL, NULL, NULL, NULL, 152, 90, '07446', NULL, NULL, 'B', NULL, 'R', NULL);
INSERT INTO `dealer` VALUES (NULL, '142', 'Jaya Utama Motor', 'JL. RC VETERAN RAYA No. 33-35', 'BINTARO JAKARTA SELATAN', NULL, '7377144', '7354548', NULL, 0, '142', '12', 'PT.JAYA UTAMA MOTOR', 'JL. RC. VETERAN NO : 33-35', 'BINTARO - PESANGGRAHAN  JAKSEL', '02.290.250.6-013.000', 0, '0', 14, 'Y', 1366200000, 2050000000, 1518000000, '06986', NULL, NULL, NULL, NULL, NULL, NULL, NULL, NULL, 'Y', 'R', NULL, 'L', NULL, '2', 'N', 'CMG', NULL, NULL, NULL, NULL, NULL, 152, 100, '06986', NULL, NULL, 'B', NULL, 'R', NULL);
INSERT INTO `dealer` VALUES (NULL, '106', 'WARI - Jatinegara', 'JL.JATINEGARA TIMUR NO.37B', 'JAK-TIM', 0, '8571075, 8190261', NULL, 'PIANG HUNG', 0, 'G00', '13', 'PT.WAHANAARTHA RITELINDO', 'JL.JATINEGARA TIMUR NO. 57 BC/RT008/004', 'BALI MESTER, JAK - TIM', '03.048.255.8-026.000', 0, '3', 14, 'Y', 0, 0, 0, '06074', 0, NULL, NULL, 'PT WAHANAARTHA RITELINDO', NULL, NULL, '0023082851', 'JTN', 'Y', 'R', 'Y', 'L', 'nina@wahanaartha.com', '2', 'N', 'CMG', 'Y', NULL, NULL, NULL, NULL, 152, 0, '06074', NULL, NULL, 'B', NULL, 'C', NULL);
INSERT INTO `dealer` VALUES (NULL, '153', 'CV. PASAR KEMIS MOTOR', 'KP. PASAR KEMIS', NULL, NULL, NULL, NULL, NULL, 0, '153', '152', 'CV. PASAR KEMIS MOTOR', 'KP. PASAR KEMIS RT.03  RW.01', 'PASAR KEMIS - TANGERANG', '02.288.587.5-418.000', 0, '0', 14, 'N', 1500000000, 1500000000, NULL, '06900', 89936736232, NULL, NULL, NULL, NULL, NULL, NULL, NULL, 'N', 'R', NULL, 'L', NULL, '1', 'Y', 'CMG', NULL, NULL, NULL, NULL, NULL, 0, 0, '06900', 0, 0, 'B', NULL, 'R', NULL);
INSERT INTO `dealer` VALUES (NULL, '998', 'WMS - Gunung Sahari', NULL, NULL, NULL, NULL, NULL, NULL, NULL, '998', '10', NULL, NULL, NULL, NULL, NULL, '0', NULL, 'N', NULL, NULL, NULL, '01000', NULL, NULL, NULL, NULL, NULL, NULL, NULL, 'GSA', 'Y', 'M', NULL, 'L', NULL, '2', 'N', 'CMG', 'Y', NULL, NULL, NULL, NULL, 0, 0, '01000', 0, 0, 'B', NULL, 'R', NULL);
INSERT INTO `dealer` VALUES (NULL, '156', 'BES Motor', 'JL. RAYA SERPONG KM.3 NO.6B', NULL, NULL, '021 53153494/53153495', NULL, NULL, 0, '156', '153', 'PT.BERDIKARI ENGGAL SUKSES', 'JL.RAYA SERPONG SAMPING BCA', 'LENGKONG GUDANG - SERPONG', '02.446.621.1-411.000', 0, '2', 14, 'Y', 4016500000, 2950000000, NULL, '08504', 59516294351, '02062', '2015-07-27 00:00:00', 'PT BERDIKARI ENGGAL SUKSES', NULL, NULL, '9880261891', NULL, 'Y', 'R', NULL, 'L', NULL, '1', 'N', 'JTK', NULL, NULL, NULL, NULL, NULL, 152, 100, '08504', NULL, NULL, 'B', NULL, 'C', NULL);
INSERT INTO `dealer` VALUES (NULL, '177', 'Setia Utama Motor', 'JL. HOS COKROAMINOTO RT.01/07', 'CILEDUG', 15157, '021.7304310', NULL, NULL, 0, '177', '151', 'PT SETIA UTAMA MOTOR', 'JL.HOS COKROAMINOTO RT.01/07', 'CILEDUG', '02.739.778.5-416.000', 0, '0', 14, 'Y', 2200000000, 0, NULL, '11667', NULL, NULL, NULL, NULL, NULL, NULL, NULL, NULL, 'N', 'R', NULL, 'L', NULL, '1', 'N', 'JTK', NULL, NULL, NULL, NULL, NULL, 0, 0, '11667', 0, 0, 'B', NULL, 'R', NULL);
INSERT INTO `dealer` VALUES (NULL, '104', 'Budi Motor -  Kamal', 'JL.KAMAL RAYA NO.4 JAK-BAR', NULL, 0, '5552849', NULL, 'DAUDSYAH SADELI', 0, 'G13', '11', 'DAUDSYAH SADELI (BUDI MOTOR)', 'JL. KAMAL RAYA NO.3', 'CENGKARENG BARAT  JAKBAR', '04.051.588.4-034.001', 0, '3', 14, 'Y', 694000000, 900000000, 0, '03377', 0, NULL, '1899-12-30 00:00:00', 'HO LIAN HOA', NULL, '1899-12-30 00:00:00', '3113003843', NULL, 'Y', 'R', NULL, 'L', 'sukendro_s@hotmail.com', '2', 'N', 'CMG', NULL, NULL, NULL, NULL, NULL, 152, 100, '03377', NULL, NULL, 'B', NULL, 'R', NULL);
INSERT INTO `dealer` VALUES (NULL, '182', 'Libra Mandiri Motor', 'Jl RAYA LEGOK KARAWACI, NO. 55', 'RT. 01/02', 15820, '021-54214161', NULL, NULL, NULL, '182', '152', 'PT.LIBRA MANDIRI PRATAMA', 'JL RAYA LEGOK KARAWACI, NO.55', 'RT.01/02', '21.069.235.6-451.000', 0, '0', 14, 'Y', 641340000, 641340000, NULL, '12188', NULL, NULL, NULL, NULL, NULL, NULL, NULL, '1', 'Y', 'R', NULL, 'L', NULL, '1', 'N', 'JTK', NULL, NULL, NULL, NULL, NULL, 152, 0, '12188', NULL, NULL, 'B', NULL, 'R', NULL);
INSERT INTO `dealer` VALUES (NULL, '052', 'BUDIADI ( LIGA )', 'ARTERI NO. 6 PONDOK INDAH', 'JAKARTA - SELATAN', 0, '7231981', '7231984', 'HENDRO', 0, '052', '12', 'PT.BUDI ADIDAYA LESTARI', 'JL.ARTERI PONDOK INDAH NO.6-D', 'JAKARTA - SELATAN', '01.572.341.4-013.000', 0, '0', 14, 'Y', 0, 0, 0, 'TA', 0, NULL, '1899-12-30 00:00:00', NULL, NULL, '1899-12-30 00:00:00', NULL, NULL, 'N', 'R', NULL, 'L', NULL, '2', 'N', 'CMG', NULL, NULL, NULL, NULL, NULL, 0, 0, 'TA', 0, 0, 'B', NULL, 'R', NULL);
INSERT INTO `dealer` VALUES (NULL, '157', 'Mandala Jaya Abadi', 'JL. RAWA BAMBU NO.18 C RT 014', ' RW 001 PASAR MINGGU,JAK- SEL', NULL, '021-7817552', NULL, NULL, 0, '157', '12', 'PT.MANDALA JAYA ABADI', 'JL.RAWABAMBU NO.18C RT.014/001', 'PASAR MINGGU, JAK-SEL', '02.438.782.1-017.000', 0, '0', 14, 'Y', 1359000000, 2500000000, NULL, '08562', 501450222198, NULL, NULL, NULL, NULL, NULL, NULL, NULL, 'Y', 'R', NULL, 'L', NULL, '2', 'N', 'CMG', NULL, NULL, NULL, NULL, NULL, 152, 100, '08562', NULL, NULL, 'B', NULL, 'C', NULL);
INSERT INTO `dealer` VALUES (NULL, '049', 'Clara - Dewi Sartika', 'DEWI SARTIKA 272 A', 'JAKARTA - TIMUR', 0, NULL, NULL, NULL, 0, '049', '13', 'CV.CLARA MOTOR', 'JL.DEWI SARTIKA NO.292 CAWANG', 'JAKARTA - TIMUR 13630', '02.002.927.8-005.000', 0, '0', 14, 'Y', 4300000000, 2500000000, 3606000000, '02657', 0, NULL, NULL, NULL, NULL, NULL, NULL, NULL, 'Y', 'R', NULL, 'L', NULL, '2', 'N', 'CMG', NULL, NULL, NULL, NULL, NULL, 152, 80, '02657', NULL, NULL, 'B', NULL, 'C', NULL);
INSERT INTO `dealer` VALUES (NULL, '204', 'WARI - Klender', 'JL. WIJAYA KUSUMA RAYA 16/8', 'KLENDER JAKARTA TIMUR', 13640, '021.91671113', NULL, NULL, 0, 'G00', '13', 'PT.WAHANAARTHA RITELINDO', 'JL. WIJAYA KUSUMA RAYA 16/8', 'KLENDER JAKARTA TIMUR', NULL, 0, '3', 14, 'Y', 0, 0, NULL, '13545', NULL, NULL, NULL, 'PT WAHANAARTHA RITELINDO', NULL, NULL, '0023082851', 'KLE', 'Y', 'R', NULL, 'L', 'nina@wahanaartha.com', '2', 'N', 'CMG', NULL, NULL, NULL, NULL, NULL, 152, 0, '13545', NULL, NULL, 'B', NULL, 'C', NULL);
INSERT INTO `dealer` VALUES (NULL, '208', 'Mitra Mulia Cemerlang', 'Jl. Marsekal Surya Darma', NULL, 15129, NULL, NULL, NULL, NULL, '208', '151', 'PT MITRA MULIA CEMERLANG', 'Jl. Marsekal Surya Darma', NULL, '72.965.452.5-402.000', 0, '0', 14, 'Y', 3357900000, 3357900000, NULL, '15511', NULL, NULL, NULL, NULL, NULL, NULL, NULL, NULL, 'Y', 'R', NULL, 'L', NULL, '1', 'N', 'JTK', NULL, NULL, NULL, NULL, NULL, 152, 0, 'TA', NULL, NULL, NULL, NULL, 'R', NULL);
INSERT INTO `dealer` VALUES (NULL, '164', 'WARI - Jatake', 'JL. GATOT SUBROTO KM. 8', 'JATIUWUNG JATAKE TNG', NULL, '5916677-5916716', '5916806', NULL, 0, 'G00', '152', 'PT.WAHANAARTHA RITELINDO', 'JL.GATOT SUBROTO KM.8 KEL.MANIS JAYA', 'JATIUWUNG, TANGERANG', '03.048.255.8-026.000', 0, '3', 14, 'Y', 0, 0, NULL, '09299', NULL, NULL, NULL, 'PT WAHANAARTHA RITELINDO', NULL, NULL, '0023082851', 'JTK', 'Y', 'R', 'Y', 'L', 'nina@wahanaartha.com', '1', 'N', 'JTK', 'Y', NULL, NULL, NULL, NULL, 152, 80, '09299', NULL, NULL, 'B', NULL, 'C', NULL);
INSERT INTO `dealer` VALUES (NULL, '090', 'Makmur Berkat Unggul', 'JL. RAYA SERANG KM 10 NO. 20', 'BITUNG - TANGERANG', 0, '598-1371, 5986178', '384-5621', 'HENRY ARIEF, ST.', 0, '090', '152', 'PT.MAKMUR BERKAT UNGGUL', 'JL.RAYA SERANG KM.10 RT.04/02', 'KADU JAYA KEC.CURUG TANGERANG', '01.792.436.6-451.001', 0, '3', 14, 'Y', 2508408000, 2508408000, 1239000000, '02688', 0, NULL, NULL, 'PT MAKMUR BERKAT UNGGUL', NULL, NULL, '5360091122', NULL, 'Y', 'R', NULL, 'L', 'leonardt@jaringanhonda.com', '1', 'N', 'JTK', NULL, NULL, NULL, NULL, NULL, 152, 0, '02688', NULL, NULL, 'B', NULL, 'R', NULL);
INSERT INTO `dealer` VALUES (NULL, '103', 'WARI - Gedong Panjang', 'GD PANJANG NO: 2A', 'JAKARTA UTARA', 0, NULL, NULL, 'DEDDY WIJAYA', 0, 'G00', '14', 'PT.WAHANAARTHA RITELINDO', 'JL.GEDONG PANJANG NO.2A', 'PEKOJAN TAMBORA JAKARTA BARAT', '03.048.255.8-026.000', 0, '3', 14, 'Y', 0, 0, 0, '03946', 0, NULL, NULL, 'PT WAHANAARTHA RITELINDO', NULL, NULL, '0023082851', 'GPA', 'Y', 'R', 'Y', 'L', 'nina@wahanaartha.com', '2', 'N', 'CMG', 'Y', NULL, NULL, NULL, NULL, 152, 130, '03946', NULL, NULL, 'B', NULL, 'C', NULL);
INSERT INTO `dealer` VALUES (NULL, '010', 'LEO MITRA PRATAMA, PT', 'JL. YOS SUDARSO KB BAWANG III', 'NO. 48 JAKARTA UTARA', 0, '495135', '492551', 'YULIANA/HENDRA HAYASI', 0, '010', '14', 'PT.LEO MITRA PRATAMA', 'JL.YOS SUDARSO/KEBON BAWANG III', 'NO.46-48, JAKARTA UTARA', '01.744.299.7-042.000', 1, '0', 14, 'Y', 1000000000, 0, 1000000000, '02578', 0, NULL, NULL, NULL, NULL, NULL, NULL, NULL, 'N', 'R', NULL, 'L', NULL, '2', 'N', 'CMG', NULL, NULL, NULL, NULL, NULL, 0, 0, '02578', 0, 0, 'B', NULL, 'R', NULL);
INSERT INTO `dealer` VALUES (NULL, '202', 'Mitra Sehati Jaya', 'JL. CILILITAN BESAR NO. 103', 'RT. 05/03', 13640, '021-8010660', NULL, NULL, 0, '202', '13', 'CV.MITRA SEHATI JAYA', 'JL. CILILITAN BESAR NO.103', 'RT. 05/03', '31.490.440.0-005.001', 1, '1', 14, 'Y', 2000000000, 2800000000, NULL, '13412', NULL, 'RLDF/14/050/N/BDG/AVC', '2014-02-28 00:00:00', 'CV MITRA SEHATI JAYA', NULL, NULL, '701669592', NULL, 'Y', 'R', NULL, 'L', NULL, '2', 'N', 'CMG', NULL, NULL, NULL, NULL, NULL, 152, 0, '13412', NULL, NULL, 'B', NULL, 'R', NULL);
INSERT INTO `dealer` VALUES (NULL, '018', 'Kico Jaya Motor', 'MUARA KARANG RAYA NO. 265', 'JAKARTA UTARA', 0, '6697314, 5514548', '6678002', 'RIKIN', 0, '018', '14', 'PT.KICO JAYA MOTOR', 'MUARA KARANG BLOK A6U NO.263', 'JAKARTA - UTARA', '01.781.120.9-047.000', 0, '2', 14, 'Y', 1600000000, 2510000000, 3074000000, '04294', 0, NULL, '2003-01-22 00:00:00', 'PT KICO JAYA MOTOR', '60', '2003-01-22 00:00:00', '1689006599', NULL, 'Y', 'R', NULL, 'L', NULL, '2', 'N', 'CMG', NULL, NULL, NULL, NULL, NULL, 152, 100, '04294', NULL, NULL, 'B', NULL, 'C', NULL);
INSERT INTO `dealer` VALUES (NULL, '194', 'Cipulir Motor', 'Jl. Ciledug Raya No.6 RT 18/03', NULL, 12250, '021.5843309', '021.5853930', NULL, 0, '194', '12', 'CIPULIR BENGAWAN MEGAH JAYA', 'JL.Ciledug Raya No.6 RT 18/03', 'Kel. Ulujami, Kec. Pesanggraha', '31.259.735.4-013.000', 0, '3', 14, 'Y', 4226400000, 4226400000, NULL, '12791', NULL, NULL, NULL, 'PT CIPULIR BENGAWAN MEGAH JAYA', NULL, NULL, '1683060660', NULL, 'Y', 'R', NULL, 'L', 'cipulirmotor@yahoo.com', '2', 'N', 'CMG', NULL, NULL, NULL, NULL, NULL, 152, 100, '12791', NULL, NULL, 'B', NULL, 'R', NULL);

-- ----------------------------
-- Table structure for group_user
-- ----------------------------
DROP TABLE IF EXISTS `group_user`;
CREATE TABLE `group_user`  (
  `group_id` char(36) CHARACTER SET latin1 COLLATE latin1_swedish_ci NOT NULL,
  `title` varchar(255) CHARACTER SET latin1 COLLATE latin1_swedish_ci NULL DEFAULT NULL,
  PRIMARY KEY (`group_id`) USING BTREE
) ENGINE = InnoDB CHARACTER SET = latin1 COLLATE = latin1_swedish_ci ROW_FORMAT = Compact;

-- ----------------------------
-- Records of group_user
-- ----------------------------
INSERT INTO `group_user` VALUES ('d54c7a36-0590-11e8-9702-ac220b', 'Admin');
INSERT INTO `group_user` VALUES ('ea047b9b-0590-11e8-9702-ac220b', 'Supervisor');
INSERT INTO `group_user` VALUES ('ea16bbd9-0590-11e8-9702-ac220b', 'SA');

-- ----------------------------
-- Table structure for groups
-- ----------------------------
DROP TABLE IF EXISTS `groups`;
CREATE TABLE `groups`  (
  `id` int(10) UNSIGNED NOT NULL AUTO_INCREMENT,
  `title` varchar(60) CHARACTER SET utf8 COLLATE utf8_unicode_ci NOT NULL,
  `description` varchar(255) CHARACTER SET utf8 COLLATE utf8_unicode_ci NOT NULL,
  `created` datetime(0) NOT NULL,
  `modified` datetime(0) NOT NULL,
  PRIMARY KEY (`id`) USING BTREE
) ENGINE = InnoDB AUTO_INCREMENT = 46 CHARACTER SET = utf8 COLLATE = utf8_unicode_ci ROW_FORMAT = Compact;

-- ----------------------------
-- Records of groups
-- ----------------------------
INSERT INTO `groups` VALUES (1, 'IT Administrator', 'Superman', '2011-07-18 00:00:00', '2011-07-18 00:00:00');
INSERT INTO `groups` VALUES (2, 'DEALER', 'DEALER', '2012-04-24 17:45:26', '2012-04-24 17:45:26');
INSERT INTO `groups` VALUES (3, 'MARKETING', 'MARKETING', '2012-06-29 14:49:59', '2013-05-02 13:39:54');
INSERT INTO `groups` VALUES (4, 'ADMIN GUDANG', 'ADMIN GUDANG JATAKE DAN CIMANGGIS DAN JATIASIH', '2012-06-29 14:50:33', '2018-05-18 11:43:46');
INSERT INTO `groups` VALUES (5, 'INDENT', 'INDENT', '2013-04-22 17:16:58', '2013-04-22 17:16:58');
INSERT INTO `groups` VALUES (6, 'CUSTOMER CARE', 'CUSTOMER CARE', '2013-08-23 17:18:53', '2013-08-23 17:18:53');
INSERT INTO `groups` VALUES (7, 'SUPPORT', 'SUPPORT', '2013-09-19 16:44:00', '2013-12-26 15:12:35');
INSERT INTO `groups` VALUES (8, 'NonMkt', 'NonMkt', '2013-10-04 10:08:30', '2013-10-04 10:08:30');
INSERT INTO `groups` VALUES (9, 'WKM', 'wahana kalyanamitra mahardhika', '2013-10-29 09:44:45', '2013-10-29 09:44:45');
INSERT INTO `groups` VALUES (10, 'Sales Admin', 'SALES ADMIN', '2014-04-04 15:14:59', '2014-04-04 15:14:59');
INSERT INTO `groups` VALUES (11, 'Logistik', 'Logistik', '2014-04-04 15:25:35', '2014-04-04 15:25:35');
INSERT INTO `groups` VALUES (12, 'SA', 'SA', '2014-07-02 15:04:22', '2016-07-14 16:18:49');
INSERT INTO `groups` VALUES (13, 'Promotion', 'Promotion', '2014-07-02 15:55:35', '2014-07-02 15:55:35');
INSERT INTO `groups` VALUES (14, 'Head SA', 'Head SA', '2014-07-23 13:53:44', '2014-07-23 13:53:44');
INSERT INTO `groups` VALUES (15, 'HEAD WARI', 'HEAD WARI', '2014-08-15 10:18:44', '2014-08-15 10:18:44');
INSERT INTO `groups` VALUES (16, 'Secretary', 'Secretary', '2014-08-22 15:21:28', '2014-08-22 15:21:28');
INSERT INTO `groups` VALUES (17, 'Faktur', 'Faktur', '2014-08-22 15:21:41', '2014-08-22 15:21:41');
INSERT INTO `groups` VALUES (18, 'Distplan', 'Distplan', '2014-08-25 15:07:49', '2014-08-25 15:07:49');
INSERT INTO `groups` VALUES (19, 'Cimanggis', 'Admin Gudang Cimanggis', '2014-09-03 13:59:28', '2018-05-18 11:21:55');
INSERT INTO `groups` VALUES (20, 'Jatake', 'Admin Gudang Jatake', '2014-09-03 13:59:46', '2014-09-03 13:59:46');
INSERT INTO `groups` VALUES (21, 'Finance', 'Finance', '2014-09-04 15:16:43', '2014-09-04 15:16:43');
INSERT INTO `groups` VALUES (22, 'BTL', 'Biro The Line', '2014-10-22 15:55:14', '2014-10-22 15:55:14');
INSERT INTO `groups` VALUES (23, 'Training HCQD', 'Training HCQD', '2014-10-31 14:20:17', '2015-08-07 10:32:14');
INSERT INTO `groups` VALUES (25, 'BTL Admin', 'BTL Admin', '2014-12-29 15:09:08', '2014-12-29 15:09:08');
INSERT INTO `groups` VALUES (26, 'BTL FIN/TAX/ACC', 'BTL FIN/TAX/ACC', '2014-12-29 15:10:50', '2014-12-29 15:10:50');
INSERT INTO `groups` VALUES (27, 'FIN_KWITANSI', 'Finance Kwitansi', '2015-01-28 14:00:23', '2015-01-28 14:00:23');
INSERT INTO `groups` VALUES (28, 'EO', 'EO Roadshow', '2015-02-27 15:42:51', '2015-02-27 15:42:51');
INSERT INTO `groups` VALUES (29, 'Devi Access', 'Devi Access', '2015-03-18 14:06:56', '2015-03-18 14:06:56');
INSERT INTO `groups` VALUES (30, 'Pembayaran SO', 'Pembayaran SO', '2015-03-24 16:11:40', '2015-03-24 16:11:40');
INSERT INTO `groups` VALUES (31, 'bonus system', 'bonus system', '2015-08-06 14:55:34', '2015-08-06 14:55:34');
INSERT INTO `groups` VALUES (32, 'PDCA', 'PDCA', '2015-10-02 13:24:56', '2015-10-02 13:24:56');
INSERT INTO `groups` VALUES (33, 'Compliance', 'Compliance', '2016-03-18 13:43:05', '2016-03-18 13:43:05');
INSERT INTO `groups` VALUES (34, 'Data Polda', 'Report Data Polda', '2016-03-28 14:27:24', '2016-03-28 14:27:24');
INSERT INTO `groups` VALUES (35, 'Legal', 'Legal', '2016-05-03 15:08:45', '2016-05-03 15:08:45');
INSERT INTO `groups` VALUES (36, 'Accounting', 'Accounting', '2016-05-10 15:47:22', '2016-05-10 15:47:22');
INSERT INTO `groups` VALUES (37, 'ADMIN SURVEY', 'admin survey survey online', '2016-12-01 14:15:29', '2016-12-01 14:15:29');
INSERT INTO `groups` VALUES (38, 'INTERVIEWER', 'interviewer survey online', '2016-12-01 14:15:58', '2016-12-01 14:15:58');
INSERT INTO `groups` VALUES (39, 'Kode Pos', 'Kode Pos', '2017-01-23 15:23:35', '2017-01-23 15:23:35');
INSERT INTO `groups` VALUES (40, 'Biro Jasa', 'Input tanda terima faktur', '2017-04-12 11:21:00', '2017-04-12 11:22:06');
INSERT INTO `groups` VALUES (41, 'Daftar Harga Beli Dealer', 'Daftar Harga Beli Dealer', '2017-04-27 15:13:34', '2017-04-27 15:13:34');
INSERT INTO `groups` VALUES (42, 'Admin Biro Jasa', '', '2017-05-02 17:04:38', '2017-05-02 17:04:38');
INSERT INTO `groups` VALUES (43, 'scoopy', 'scoopy', '2018-01-08 15:47:02', '2018-01-08 15:47:02');
INSERT INTO `groups` VALUES (44, 'PRJ', 'PRJ', '2018-05-15 09:30:02', '2018-05-15 09:30:02');
INSERT INTO `groups` VALUES (45, 'Jatiasih', 'Admin Gudang Jatiasih', '2018-05-18 11:15:29', '2018-05-18 11:21:16');

-- ----------------------------
-- Table structure for groups_users
-- ----------------------------
DROP TABLE IF EXISTS `groups_users`;
CREATE TABLE `groups_users`  (
  `id` bigint(20) UNSIGNED NOT NULL AUTO_INCREMENT,
  `group_id` int(10) UNSIGNED NOT NULL,
  `user_id` bigint(20) UNSIGNED NOT NULL,
  PRIMARY KEY (`id`) USING BTREE,
  UNIQUE INDEX `groups_users_i`(`group_id`, `user_id`) USING BTREE,
  INDEX `FK_groups_users_to_users`(`user_id`) USING BTREE,
  INDEX `FK_groups_users_to_groups`(`group_id`) USING BTREE,
  CONSTRAINT `groups_users_ibfk_1` FOREIGN KEY (`group_id`) REFERENCES `groups` (`id`) ON DELETE CASCADE ON UPDATE CASCADE,
  CONSTRAINT `groups_users_ibfk_2` FOREIGN KEY (`user_id`) REFERENCES `users` (`id`) ON DELETE CASCADE ON UPDATE CASCADE
) ENGINE = InnoDB AUTO_INCREMENT = 624 CHARACTER SET = utf8 COLLATE = utf8_unicode_ci COMMENT = 'InnoDB free: 7168 kB; (`group_id`) REFER `intranet/groups`(`' ROW_FORMAT = Compact;

-- ----------------------------
-- Records of groups_users
-- ----------------------------
INSERT INTO `groups_users` VALUES (1, 1, 1);
INSERT INTO `groups_users` VALUES (169, 1, 666);
INSERT INTO `groups_users` VALUES (12, 2, 8);
INSERT INTO `groups_users` VALUES (76, 2, 149);
INSERT INTO `groups_users` VALUES (14, 2, 510);
INSERT INTO `groups_users` VALUES (17, 2, 511);
INSERT INTO `groups_users` VALUES (18, 2, 513);
INSERT INTO `groups_users` VALUES (19, 2, 514);
INSERT INTO `groups_users` VALUES (20, 2, 515);
INSERT INTO `groups_users` VALUES (21, 2, 516);
INSERT INTO `groups_users` VALUES (22, 2, 517);
INSERT INTO `groups_users` VALUES (23, 2, 518);
INSERT INTO `groups_users` VALUES (24, 2, 519);
INSERT INTO `groups_users` VALUES (25, 2, 520);
INSERT INTO `groups_users` VALUES (26, 2, 521);
INSERT INTO `groups_users` VALUES (27, 2, 522);
INSERT INTO `groups_users` VALUES (28, 2, 523);
INSERT INTO `groups_users` VALUES (29, 2, 524);
INSERT INTO `groups_users` VALUES (30, 2, 525);
INSERT INTO `groups_users` VALUES (31, 2, 526);
INSERT INTO `groups_users` VALUES (32, 2, 527);
INSERT INTO `groups_users` VALUES (33, 2, 528);
INSERT INTO `groups_users` VALUES (34, 2, 529);
INSERT INTO `groups_users` VALUES (35, 2, 530);
INSERT INTO `groups_users` VALUES (36, 2, 531);
INSERT INTO `groups_users` VALUES (37, 2, 532);
INSERT INTO `groups_users` VALUES (38, 2, 533);
INSERT INTO `groups_users` VALUES (39, 2, 534);
INSERT INTO `groups_users` VALUES (40, 2, 535);
INSERT INTO `groups_users` VALUES (41, 2, 538);
INSERT INTO `groups_users` VALUES (42, 2, 539);
INSERT INTO `groups_users` VALUES (43, 2, 540);
INSERT INTO `groups_users` VALUES (44, 2, 541);
INSERT INTO `groups_users` VALUES (45, 2, 542);
INSERT INTO `groups_users` VALUES (46, 2, 543);
INSERT INTO `groups_users` VALUES (47, 2, 544);
INSERT INTO `groups_users` VALUES (48, 2, 545);
INSERT INTO `groups_users` VALUES (49, 2, 546);
INSERT INTO `groups_users` VALUES (50, 2, 547);
INSERT INTO `groups_users` VALUES (51, 2, 548);
INSERT INTO `groups_users` VALUES (52, 2, 549);
INSERT INTO `groups_users` VALUES (53, 2, 550);
INSERT INTO `groups_users` VALUES (54, 2, 551);
INSERT INTO `groups_users` VALUES (55, 2, 552);
INSERT INTO `groups_users` VALUES (56, 2, 553);
INSERT INTO `groups_users` VALUES (57, 2, 554);
INSERT INTO `groups_users` VALUES (58, 2, 555);
INSERT INTO `groups_users` VALUES (59, 2, 556);
INSERT INTO `groups_users` VALUES (60, 2, 557);
INSERT INTO `groups_users` VALUES (61, 2, 558);
INSERT INTO `groups_users` VALUES (62, 2, 559);
INSERT INTO `groups_users` VALUES (63, 2, 560);
INSERT INTO `groups_users` VALUES (64, 2, 561);
INSERT INTO `groups_users` VALUES (65, 2, 562);
INSERT INTO `groups_users` VALUES (66, 2, 563);
INSERT INTO `groups_users` VALUES (67, 2, 564);
INSERT INTO `groups_users` VALUES (68, 2, 565);
INSERT INTO `groups_users` VALUES (69, 2, 566);
INSERT INTO `groups_users` VALUES (70, 2, 567);
INSERT INTO `groups_users` VALUES (71, 2, 568);
INSERT INTO `groups_users` VALUES (72, 2, 569);
INSERT INTO `groups_users` VALUES (73, 2, 570);
INSERT INTO `groups_users` VALUES (74, 2, 571);
INSERT INTO `groups_users` VALUES (75, 2, 572);
INSERT INTO `groups_users` VALUES (77, 2, 574);
INSERT INTO `groups_users` VALUES (78, 2, 575);
INSERT INTO `groups_users` VALUES (79, 2, 576);
INSERT INTO `groups_users` VALUES (80, 2, 577);
INSERT INTO `groups_users` VALUES (81, 2, 578);
INSERT INTO `groups_users` VALUES (82, 2, 579);
INSERT INTO `groups_users` VALUES (83, 2, 580);
INSERT INTO `groups_users` VALUES (84, 2, 581);
INSERT INTO `groups_users` VALUES (85, 2, 582);
INSERT INTO `groups_users` VALUES (86, 2, 583);
INSERT INTO `groups_users` VALUES (87, 2, 584);
INSERT INTO `groups_users` VALUES (88, 2, 585);
INSERT INTO `groups_users` VALUES (89, 2, 586);
INSERT INTO `groups_users` VALUES (90, 2, 587);
INSERT INTO `groups_users` VALUES (91, 2, 588);
INSERT INTO `groups_users` VALUES (92, 2, 589);
INSERT INTO `groups_users` VALUES (93, 2, 590);
INSERT INTO `groups_users` VALUES (94, 2, 591);
INSERT INTO `groups_users` VALUES (95, 2, 592);
INSERT INTO `groups_users` VALUES (96, 2, 593);
INSERT INTO `groups_users` VALUES (97, 2, 594);
INSERT INTO `groups_users` VALUES (98, 2, 595);
INSERT INTO `groups_users` VALUES (99, 2, 596);
INSERT INTO `groups_users` VALUES (100, 2, 597);
INSERT INTO `groups_users` VALUES (101, 2, 598);
INSERT INTO `groups_users` VALUES (102, 2, 599);
INSERT INTO `groups_users` VALUES (103, 2, 600);
INSERT INTO `groups_users` VALUES (104, 2, 601);
INSERT INTO `groups_users` VALUES (105, 2, 602);
INSERT INTO `groups_users` VALUES (106, 2, 603);
INSERT INTO `groups_users` VALUES (107, 2, 604);
INSERT INTO `groups_users` VALUES (108, 2, 605);
INSERT INTO `groups_users` VALUES (109, 2, 606);
INSERT INTO `groups_users` VALUES (110, 2, 607);
INSERT INTO `groups_users` VALUES (111, 2, 608);
INSERT INTO `groups_users` VALUES (112, 2, 609);
INSERT INTO `groups_users` VALUES (113, 2, 610);
INSERT INTO `groups_users` VALUES (114, 2, 611);
INSERT INTO `groups_users` VALUES (115, 2, 612);
INSERT INTO `groups_users` VALUES (116, 2, 613);
INSERT INTO `groups_users` VALUES (117, 2, 614);
INSERT INTO `groups_users` VALUES (118, 2, 615);
INSERT INTO `groups_users` VALUES (119, 2, 616);
INSERT INTO `groups_users` VALUES (120, 2, 617);
INSERT INTO `groups_users` VALUES (121, 2, 618);
INSERT INTO `groups_users` VALUES (122, 2, 619);
INSERT INTO `groups_users` VALUES (123, 2, 620);
INSERT INTO `groups_users` VALUES (124, 2, 621);
INSERT INTO `groups_users` VALUES (125, 2, 622);
INSERT INTO `groups_users` VALUES (126, 2, 623);
INSERT INTO `groups_users` VALUES (127, 2, 624);
INSERT INTO `groups_users` VALUES (128, 2, 625);
INSERT INTO `groups_users` VALUES (129, 2, 626);
INSERT INTO `groups_users` VALUES (130, 2, 627);
INSERT INTO `groups_users` VALUES (131, 2, 628);
INSERT INTO `groups_users` VALUES (132, 2, 629);
INSERT INTO `groups_users` VALUES (133, 2, 630);
INSERT INTO `groups_users` VALUES (134, 2, 631);
INSERT INTO `groups_users` VALUES (135, 2, 632);
INSERT INTO `groups_users` VALUES (136, 2, 633);
INSERT INTO `groups_users` VALUES (137, 2, 634);
INSERT INTO `groups_users` VALUES (138, 2, 635);
INSERT INTO `groups_users` VALUES (139, 2, 636);
INSERT INTO `groups_users` VALUES (140, 2, 637);
INSERT INTO `groups_users` VALUES (141, 2, 638);
INSERT INTO `groups_users` VALUES (142, 2, 639);
INSERT INTO `groups_users` VALUES (143, 2, 640);
INSERT INTO `groups_users` VALUES (144, 2, 641);
INSERT INTO `groups_users` VALUES (145, 2, 642);
INSERT INTO `groups_users` VALUES (146, 2, 643);
INSERT INTO `groups_users` VALUES (147, 2, 644);
INSERT INTO `groups_users` VALUES (148, 2, 645);
INSERT INTO `groups_users` VALUES (150, 2, 647);
INSERT INTO `groups_users` VALUES (164, 2, 660);
INSERT INTO `groups_users` VALUES (180, 2, 662);
INSERT INTO `groups_users` VALUES (173, 2, 670);
INSERT INTO `groups_users` VALUES (7, 3, 5);
INSERT INTO `groups_users` VALUES (9, 3, 7);
INSERT INTO `groups_users` VALUES (149, 3, 646);
INSERT INTO `groups_users` VALUES (151, 3, 648);
INSERT INTO `groups_users` VALUES (152, 3, 649);
INSERT INTO `groups_users` VALUES (153, 3, 650);
INSERT INTO `groups_users` VALUES (154, 3, 651);
INSERT INTO `groups_users` VALUES (155, 3, 652);
INSERT INTO `groups_users` VALUES (174, 3, 653);
INSERT INTO `groups_users` VALUES (157, 3, 654);
INSERT INTO `groups_users` VALUES (158, 3, 655);
INSERT INTO `groups_users` VALUES (159, 3, 656);
INSERT INTO `groups_users` VALUES (160, 3, 657);
INSERT INTO `groups_users` VALUES (161, 3, 658);
INSERT INTO `groups_users` VALUES (162, 3, 659);
INSERT INTO `groups_users` VALUES (177, 3, 661);
INSERT INTO `groups_users` VALUES (168, 3, 665);
INSERT INTO `groups_users` VALUES (170, 3, 667);
INSERT INTO `groups_users` VALUES (179, 3, 672);
INSERT INTO `groups_users` VALUES (187, 3, 1014);
INSERT INTO `groups_users` VALUES (8, 4, 6);
INSERT INTO `groups_users` VALUES (181, 5, 662);
INSERT INTO `groups_users` VALUES (167, 5, 664);
INSERT INTO `groups_users` VALUES (171, 6, 668);
INSERT INTO `groups_users` VALUES (175, 7, 653);
INSERT INTO `groups_users` VALUES (176, 8, 671);
INSERT INTO `groups_users` VALUES (182, 11, 1);
INSERT INTO `groups_users` VALUES (183, 11, 1008);
INSERT INTO `groups_users` VALUES (623, 12, 770);

-- ----------------------------
-- Table structure for supervisi_details
-- ----------------------------
DROP TABLE IF EXISTS `supervisi_details`;
CREATE TABLE `supervisi_details`  (
  `id` char(36) CHARACTER SET utf8 COLLATE utf8_general_ci NOT NULL,
  `id_headers` char(36) CHARACTER SET utf8 COLLATE utf8_general_ci NOT NULL,
  `pict` varchar(255) CHARACTER SET utf8 COLLATE utf8_general_ci NULL DEFAULT NULL,
  `description` varchar(255) CHARACTER SET utf8 COLLATE utf8_general_ci NULL DEFAULT NULL,
  PRIMARY KEY (`id`) USING BTREE
) ENGINE = InnoDB CHARACTER SET = utf8 COLLATE = utf8_general_ci ROW_FORMAT = Compact;

-- ----------------------------
-- Records of supervisi_details
-- ----------------------------
INSERT INTO `supervisi_details` VALUES ('000ca970-2380-11e8-8dd0-005056880752', '000bfb99-2380-11e8-8dd0-005056880752', '115090318225Y', '');
INSERT INTO `supervisi_details` VALUES ('0013a9f1-1582-11e8-8dd0-005056880752', '0012d126-1582-11e8-8dd0-005056880752', '186190218556Y', '');
INSERT INTO `supervisi_details` VALUES ('001b5978-1165-11e8-8dd0-005056880752', '001abc74-1165-11e8-8dd0-005056880752', '206140218224T', '');
INSERT INTO `supervisi_details` VALUES ('001d13e3-419a-11e8-8dd0-005056880752', '001c3902-419a-11e8-8dd0-005056880752', '156160418230T', '');
INSERT INTO `supervisi_details` VALUES ('001e34ac-c888-11e7-8dd0-005056880752', '001df29e-c888-11e7-8dd0-005056880752', '087131117227Y', '');
INSERT INTO `supervisi_details` VALUES ('0020abe1-b8e2-11e8-b414-005056880752', '001f6171-b8e2-11e8-b414-005056880752', '15615091816Y', '');
INSERT INTO `supervisi_details` VALUES ('00230cba-90c6-11e8-b414-005056880752', '0021f161-90c6-11e8-b414-005056880752', '145260718236Y', '');
INSERT INTO `supervisi_details` VALUES ('00237a53-8ff3-11e8-b414-005056880752', '002264c8-8ff3-11e8-b414-005056880752', '208250718453T', '');
INSERT INTO `supervisi_details` VALUES ('0023bdfd-b372-11e8-b414-005056880752', '00227f04-b372-11e8-b414-005056880752', '115080918228Y', '');
INSERT INTO `supervisi_details` VALUES ('0026245d-d50c-11e7-8dd0-005056880752', '0025c5ef-d50c-11e7-8dd0-005056880752', '207291117236Y', '');
INSERT INTO `supervisi_details` VALUES ('0f3a4c35-e2f9-11e8-b673-005056be36b2', '0f39c792-e2f9-11e8-b673-005056be36b2', '081118', '');
INSERT INTO `supervisi_details` VALUES ('0fc701f0-e300-11e8-b673-005056be36b2', '0fc62a6d-e300-11e8-b673-005056be36b2', '130081118', '');
INSERT INTO `supervisi_details` VALUES ('40211287-e2fc-11e8-b673-005056be36b2', '40206267-e2fc-11e8-b673-005056be36b2', '081118', '');
INSERT INTO `supervisi_details` VALUES ('40d3fff5-e2f8-11e8-b673-005056be36b2', '40d2acb4-e2f8-11e8-b673-005056be36b2', '156081118161', 'tes');
INSERT INTO `supervisi_details` VALUES ('6f9d19e3-e2fe-11e8-b673-005056be36b2', '6f9b6292-e2fe-11e8-b673-005056be36b2', '1000811181', '');
INSERT INTO `supervisi_details` VALUES ('7c2e3816-e2fe-11e8-b673-005056be36b2', '7c2dbab5-e2fe-11e8-b673-005056be36b2', '1000811181', '');
INSERT INTO `supervisi_details` VALUES ('7e63ce68-e2fb-11e8-b673-005056be36b2', '7dbce898-e2fb-11e8-b673-005056be36b2', '081118', '');
INSERT INTO `supervisi_details` VALUES ('8e498d7f-e2fb-11e8-b673-005056be36b2', '8e4922ce-e2fb-11e8-b673-005056be36b2', '081118', '');
INSERT INTO `supervisi_details` VALUES ('997b8677-e2fc-11e8-b673-005056be36b2', '997b3916-e2fc-11e8-b673-005056be36b2', '081118', '');
INSERT INTO `supervisi_details` VALUES ('a5e89680-e2f7-11e8-b673-005056be36b2', 'a5e67a72-e2f7-11e8-b673-005056be36b2', '156081118161', 'tes');
INSERT INTO `supervisi_details` VALUES ('a7df7dc0-e2f8-11e8-b673-005056be36b2', 'a7ded4cb-e2f8-11e8-b673-005056be36b2', '081118', '');
INSERT INTO `supervisi_details` VALUES ('b7e35783-de8b-11e8-b673-005056be36b2', 'b7006730-de8b-11e8-b673-005056be36b2', '156021118161', 'tes');
INSERT INTO `supervisi_details` VALUES ('c6767fbb-e2f8-11e8-b673-005056be36b2', 'c675edfd-e2f8-11e8-b673-005056be36b2', '081118', '');
INSERT INTO `supervisi_details` VALUES ('cea07529-e2fd-11e8-b673-005056be36b2', 'cea008df-e2fd-11e8-b673-005056be36b2', '081118', '');
INSERT INTO `supervisi_details` VALUES ('e4535d52-dbed-11e8-87f1-005056b25997', 'e4531496-dbed-11e8-87f1-005056b25997', '156301018161', 'tes');
INSERT INTO `supervisi_details` VALUES ('e932a962-dbee-11e8-87f1-005056b25997', 'e9324e90-dbee-11e8-87f1-005056b25997', '156301018161', 'tes');
INSERT INTO `supervisi_details` VALUES ('f3a3433d-e2fb-11e8-b673-005056be36b2', 'f3a2d51f-e2fb-11e8-b673-005056be36b2', '081118', '');
INSERT INTO `supervisi_details` VALUES ('f467db95-e273-11e8-b673-005056be36b2', 'f4581494-e273-11e8-b673-005056be36b2', '156071118161', 'tes');

-- ----------------------------
-- Table structure for supervisi_form_checklists
-- ----------------------------
DROP TABLE IF EXISTS `supervisi_form_checklists`;
CREATE TABLE `supervisi_form_checklists`  (
  `id` int(10) UNSIGNED NOT NULL AUTO_INCREMENT,
  `parent_id` int(10) NULL DEFAULT NULL,
  `title` varchar(225) CHARACTER SET utf8 COLLATE utf8_general_ci NOT NULL,
  `description` varchar(225) CHARACTER SET utf8 COLLATE utf8_general_ci NOT NULL,
  `urut` int(11) NULL DEFAULT NULL,
  `headline` varchar(1) CHARACTER SET utf8 COLLATE utf8_general_ci NULL DEFAULT '0',
  `listdown` varchar(1) CHARACTER SET utf8 COLLATE utf8_general_ci NULL DEFAULT '0',
  `status` varchar(1) CHARACTER SET utf8 COLLATE utf8_general_ci NOT NULL,
  `lft` int(11) NULL DEFAULT NULL,
  `rght` int(11) NULL DEFAULT NULL,
  `created` datetime(0) NOT NULL,
  `create_by` bigint(20) NOT NULL,
  `modified` datetime(0) NOT NULL,
  `modi_by` bigint(20) NOT NULL,
  `type` varchar(25) CHARACTER SET utf8 COLLATE utf8_general_ci NULL DEFAULT NULL,
  `type_dealer` varchar(255) CHARACTER SET utf8 COLLATE utf8_general_ci NULL DEFAULT NULL,
  `exist_good` tinyint(1) NULL DEFAULT NULL,
  `exist_not_good` tinyint(1) NULL DEFAULT NULL,
  `not_exist` tinyint(1) NULL DEFAULT NULL,
  `n_a` tinyint(1) NULL DEFAULT NULL,
  PRIMARY KEY (`id`) USING BTREE
) ENGINE = InnoDB AUTO_INCREMENT = 44 CHARACTER SET = utf8 COLLATE = utf8_general_ci ROW_FORMAT = Compact;

-- ----------------------------
-- Records of supervisi_form_checklists
-- ----------------------------
INSERT INTO `supervisi_form_checklists` VALUES (1, NULL, 'Approval Layout New VinCi', 'Approval Layout New VinCi', 1, '1', '0', '1', 1, 32, '2018-10-12 16:21:53', 1, '2018-10-12 16:21:53', 1, 'DOS', '1', NULL, NULL, NULL, NULL);
INSERT INTO `supervisi_form_checklists` VALUES (2, NULL, 'Eksterior', 'Eksterior', 1, '1', '0', '1', 33, 38, '2018-10-12 16:21:53', 1, '2018-10-12 16:21:53', 1, 'DOS', '3', NULL, NULL, NULL, NULL);
INSERT INTO `supervisi_form_checklists` VALUES (3, NULL, 'Material Promosi Eksterior', 'Material Promosi Eksterior', 1, '1', '0', '1', NULL, NULL, '2018-10-12 16:21:53', 1, '2018-10-12 16:21:53', 1, 'REGULER', '1', NULL, NULL, NULL, NULL);
INSERT INTO `supervisi_form_checklists` VALUES (4, NULL, 'Parking Area', 'Parking Area', 1, '1', '0', '1', NULL, NULL, '2018-10-12 16:21:53', 1, '2018-10-12 16:21:53', 1, 'REGULER', '1', NULL, NULL, NULL, NULL);
INSERT INTO `supervisi_form_checklists` VALUES (5, NULL, 'Interior', 'Interior', 1, '1', '0', '1', NULL, NULL, '2018-10-12 16:21:53', 1, '2018-10-12 16:21:53', 1, 'REGULER', '3', NULL, NULL, NULL, NULL);
INSERT INTO `supervisi_form_checklists` VALUES (11, 1, 'Eksterior', 'Eksterior', 1, '0', '0', '1', 2, 7, '2018-10-12 16:21:53', 1, '2018-10-12 16:21:53', 1, 'DOS', '1', 1, 1, 1, 0);
INSERT INTO `supervisi_form_checklists` VALUES (12, 1, 'Interior', 'Interior', 2, '0', '0', '1', 8, 31, '2018-10-12 16:21:53', 1, '2018-10-12 16:21:53', 1, 'DOS', '1', 1, 1, 1, 1);
INSERT INTO `supervisi_form_checklists` VALUES (13, 2, 'Fascia', 'Fascia', 1, '0', '0', '1', 34, 35, '2018-10-12 16:21:53', 1, '2018-10-12 16:21:53', 1, 'DOS', '3', NULL, NULL, NULL, NULL);
INSERT INTO `supervisi_form_checklists` VALUES (14, 2, 'Pylon', 'Pylon', 2, '0', '0', '1', 36, 37, '2018-10-12 16:21:53', 1, '2018-10-12 16:21:53', 1, 'DOS', '3', NULL, NULL, NULL, NULL);
INSERT INTO `supervisi_form_checklists` VALUES (15, 11, 'Sesuai dengan gambar yang tampak dengan yang sudah diapprove bersama', 'Sesuai dengan gambar yang tampak dengan yang sudah diapprove bersama', 1, '0', '0', '1', 3, 4, '2018-10-12 16:21:53', 1, '2018-10-12 16:21:53', 1, 'DOS', NULL, NULL, NULL, NULL, NULL);
INSERT INTO `supervisi_form_checklists` VALUES (16, 11, 'Gambar eksterior yang sudah diapproved, dicetak, ditempel di ruang Kacab', 'Gambar eksterior yang sudah diapproved, dicetak, ditempel di ruang Kacab', 2, '0', '0', '1', 5, 6, '2018-10-12 16:21:53', 1, '2018-10-12 16:21:53', 1, 'DOS', NULL, NULL, NULL, NULL, NULL);
INSERT INTO `supervisi_form_checklists` VALUES (17, 12, 'Penempatan interior sesuai dengan gambar interior yang sudah diapproed bersama, kecuali :', 'Penempatan interior sesuai dengan gambar interior yang sudah diapproed bersama, kecuali :', 1, '0', '0', '1', 9, 28, '2018-10-12 16:21:53', 1, '2018-10-12 16:21:53', 1, 'DOS', NULL, NULL, NULL, NULL, NULL);
INSERT INTO `supervisi_form_checklists` VALUES (18, 12, 'Gambar interior yang sudah diapproved, dicetak, ditempel di ruang Kacab', 'Gambar interior yang sudah diapproved, dicetak, ditempel di ruang Kacab', 2, '0', '0', '1', 29, 30, '2018-10-12 16:21:53', 1, '2018-10-12 16:21:53', 1, 'DOS', NULL, NULL, NULL, NULL, NULL);
INSERT INTO `supervisi_form_checklists` VALUES (19, 17, 'a. meja negosiasi', 'a. meja negosiasi', 1, '0', '0', '1', 10, 11, '2018-10-12 16:21:53', 1, '2018-10-12 16:21:53', 1, 'DOS', NULL, NULL, NULL, NULL, NULL);
INSERT INTO `supervisi_form_checklists` VALUES (20, 17, 'b. display motor', 'b. display motor', 2, '0', '0', '1', 12, 13, '2018-10-12 16:21:53', 1, '2018-10-12 16:21:53', 1, 'DOS', NULL, NULL, NULL, NULL, NULL);
INSERT INTO `supervisi_form_checklists` VALUES (21, 17, 'c. magazine rack', 'c. magazine rack', 3, '0', '0', '1', 14, 15, '2018-10-12 16:21:53', 1, '2018-10-12 16:21:53', 1, 'DOS', NULL, NULL, NULL, NULL, NULL);
INSERT INTO `supervisi_form_checklists` VALUES (22, 17, 'd. rak brosur', 'd. rak brosur', 4, '0', '0', '1', 16, 17, '2018-10-12 16:21:53', 1, '2018-10-12 16:21:53', 1, 'DOS', NULL, NULL, NULL, NULL, NULL);
INSERT INTO `supervisi_form_checklists` VALUES (23, 17, 'f. mannequin', 'e. mannequin', 6, '0', '0', '1', 20, 21, '2018-10-12 16:21:53', 1, '2018-10-12 16:21:53', 1, 'DOS', NULL, NULL, NULL, NULL, NULL);
INSERT INTO `supervisi_form_checklists` VALUES (24, 17, 'g. HRT dan HRT Banner', 'f. HRT dan HRT Banner', 7, '0', '0', '1', 22, 23, '2018-10-12 16:21:53', 1, '2018-10-12 16:21:53', 1, 'DOS', NULL, NULL, NULL, NULL, NULL);
INSERT INTO `supervisi_form_checklists` VALUES (25, 17, 'h. SA desk', 'g. SA desk', 8, '0', '0', '1', 24, 25, '2018-10-12 16:21:53', 1, '2018-10-12 16:21:53', 1, 'DOS', NULL, NULL, NULL, NULL, NULL);
INSERT INTO `supervisi_form_checklists` VALUES (26, 17, 'i. Rak helm', 'h. Rak helm', 9, '0', '0', '1', 26, 27, '2018-10-12 16:21:53', 1, '2018-10-12 16:21:53', 1, 'DOS', NULL, NULL, NULL, NULL, NULL);
INSERT INTO `supervisi_form_checklists` VALUES (43, 17, 'e. spect stand', 'i. spect stand', 5, '0', '0', '1', 18, 19, '2018-10-12 16:21:53', 1, '2018-10-12 16:21:53', 1, 'DOS', NULL, NULL, NULL, NULL, NULL);

-- ----------------------------
-- Table structure for supervisi_headers
-- ----------------------------
DROP TABLE IF EXISTS `supervisi_headers`;
CREATE TABLE `supervisi_headers`  (
  `id` char(36) CHARACTER SET utf8 COLLATE utf8_general_ci NOT NULL,
  `latitude` varchar(200) CHARACTER SET utf8 COLLATE utf8_general_ci NULL DEFAULT NULL,
  `longitude` varchar(200) CHARACTER SET utf8 COLLATE utf8_general_ci NULL DEFAULT NULL,
  `no_dlr` varchar(5) CHARACTER SET utf8 COLLATE utf8_general_ci NULL DEFAULT NULL,
  `tgl_supervisi` date NULL DEFAULT NULL,
  `main_item` varchar(255) CHARACTER SET utf8 COLLATE utf8_general_ci NULL DEFAULT NULL,
  `item` varchar(255) CHARACTER SET utf8 COLLATE utf8_general_ci NULL DEFAULT NULL,
  `remark` varchar(1) CHARACTER SET utf8 COLLATE utf8_general_ci NULL DEFAULT NULL,
  `pic` varchar(255) CHARACTER SET utf8 COLLATE utf8_general_ci NULL DEFAULT NULL,
  `pi` varchar(255) CHARACTER SET utf8 COLLATE utf8_general_ci NULL DEFAULT NULL,
  `ca` varchar(255) CHARACTER SET utf8 COLLATE utf8_general_ci NULL DEFAULT NULL,
  `duration` int(11) NULL DEFAULT NULL,
  `deadline` date NULL DEFAULT NULL,
  `new_deadline` date NULL DEFAULT NULL,
  `reason` varchar(255) CHARACTER SET utf8 COLLATE utf8_general_ci NULL DEFAULT NULL,
  `code` varchar(30) CHARACTER SET utf8 COLLATE utf8_general_ci NULL DEFAULT NULL,
  `modified` datetime(0) NULL DEFAULT NULL,
  `modi_by` bigint(20) NULL DEFAULT NULL,
  `created` datetime(0) NOT NULL,
  `create_by` bigint(20) NOT NULL,
  `status_supervisi` varchar(1) CHARACTER SET utf8 COLLATE utf8_general_ci NULL DEFAULT NULL,
  `status_pica` varchar(15) CHARACTER SET utf8 COLLATE utf8_general_ci NULL DEFAULT NULL,
  `status_approve` varchar(255) CHARACTER SET utf8 COLLATE utf8_general_ci NULL DEFAULT NULL,
  `notes` varchar(255) CHARACTER SET utf8 COLLATE utf8_general_ci NULL DEFAULT NULL,
  PRIMARY KEY (`id`) USING BTREE
) ENGINE = InnoDB CHARACTER SET = utf8 COLLATE = utf8_general_ci ROW_FORMAT = Compact;

-- ----------------------------
-- Records of supervisi_headers
-- ----------------------------
INSERT INTO `supervisi_headers` VALUES ('000bfb99-2380-11e8-8dd0-005056880752', '-6.266667', '106.6543378', '156', '2018-10-25', '1', '11', '1', NULL, 'good', NULL, NULL, NULL, NULL, NULL, '115090318225Y', NULL, NULL, '2018-03-09 09:55:29', 1, '1', 'Planned', '0', NULL);
INSERT INTO `supervisi_headers` VALUES ('0012d126-1582-11e8-8dd0-005056880752', '-6.266667', '106.6543378', '156', '2018-10-25', '1', '12', '1', NULL, 'good', NULL, NULL, NULL, NULL, NULL, '186190218556Y', NULL, NULL, '2018-02-19 14:34:30', 1, '1', 'Planned', '0', NULL);
INSERT INTO `supervisi_headers` VALUES ('001abc74-1165-11e8-8dd0-005056880752', '-6.266667', '106.6543378', '156', '2018-10-26', '2', '13', '1', NULL, 'good', NULL, NULL, NULL, NULL, NULL, '206140218224T', NULL, NULL, '2018-02-14 08:56:50', 1, '1', 'Planned', '0', NULL);
INSERT INTO `supervisi_headers` VALUES ('001df29e-c888-11e7-8dd0-005056880752', '-6.266667', '106.6543378', '062', '2018-10-26', '2', '14', '2', NULL, 'rusak bocor gabisa digunakan', '', NULL, '2018-11-24', '2018-11-17', NULL, '087131117227Y', '2018-11-07 11:55:31', 765, '2017-11-13 15:33:35', 653, '1', 'Reschedule', '1', NULL);
INSERT INTO `supervisi_headers` VALUES ('00312c8e-4315-11e8-8dd0-005056880752', '-6.3117399', '106.7532613', '062', '2018-10-26', '1', '11', '3', 'uploads/cfafb2a0-036d-47b2-86fe-3549e566f23c.jpeg', 'belum ada masih kosong', 'Diganti', NULL, '2018-11-08', '2018-11-14', 'gapapa pingin aja', '062180418358Y', '2018-11-08 08:51:05', 765, '2018-04-18 14:30:15', 653, '1', 'Planned', '1', '');
INSERT INTO `supervisi_headers` VALUES ('00312c8e-4315-11e8-8dd0-0050568h9ik0', '-6.3117399', '106.7532613', '068', '2018-10-26', '1', '12', '2', 'uploads/a16e91c8-41d7-4a21-9999-5fd4e5a26a8d.jpeg', 'rusak gabisa digunakan', 'buang aja semuanya cpek tauk', NULL, '2018-11-30', '0000-00-00', '', '15630101816145', '2018-11-05 17:24:15', 770, '0000-00-00 00:00:00', 653, '1', 'Planned', '0', '');
INSERT INTO `supervisi_headers` VALUES ('003459c3-956b-11e8-b414-005056880752', '-6.294859', '106.7110453', '062', '2018-10-26', '2', '13', '4', 'uploads/cfafb2a0-036d-47b2-86fe-3549e566f23c.jpeg', 'gatau gajelas', NULL, NULL, '2018-11-05', '0000-00-00', NULL, '151010818227T', '2018-11-06 09:34:05', 765, '2018-08-01 09:12:34', 770, '1', 'Planned', '0', NULL);
INSERT INTO `supervisi_headers` VALUES ('003527cc-faae-11e7-8dd0-005056880752', '-6.2547384', '106.6224332', '062', '2018-10-18', '1', '11', '3', 'uploads/cfafb2a0-036d-47b2-86fe-3549e566f23c.jpeg', 'good', NULL, NULL, '2018-11-10', '0000-00-00', NULL, '068160118453Y', '2018-11-08 10:14:27', 765, '2018-01-16 11:11:31', 770, '1', 'Planned', '1', NULL);
INSERT INTO `supervisi_headers` VALUES ('00382da9-ce0b-11e7-8dd0-005056880752', '-6.152248604105162', '106.59506493888979', '062', '2018-10-27', '2', '13', '2', 'uploads/cfafb2a0-036d-47b2-86fe-3549e566f23c.jpeg', 'rusak gabisa digunakan', NULL, NULL, '2018-11-06', '2018-11-05', NULL, '065201117217Y', '2018-11-06 14:26:35', 765, '2017-11-20 15:53:56', 653, '1', 'Planned', '0', NULL);
INSERT INTO `supervisi_headers` VALUES ('003e6bfe-d423-11e7-8dd0-005056880752', '-6.0698726', '106.6485595', '085', '2018-10-26', '1', '11', '1', NULL, 'good', NULL, NULL, NULL, NULL, NULL, '08528111716Y', NULL, NULL, '2017-11-28 10:00:52', 1, '0', 'Planned', '0', NULL);
INSERT INTO `supervisi_headers` VALUES ('00403671-c009-11e8-b414-005056880752', '-6.1550414', '106.8366755', '998', '2018-10-26', '2', '13', '1', NULL, 'good', NULL, NULL, NULL, NULL, NULL, '998240918224Y', NULL, NULL, '2018-09-24 14:49:40', 1, '0', 'Planned', '0', NULL);
INSERT INTO `supervisi_headers` VALUES ('0fc62a6d-e300-11e8-b673-005056be36b2', '', '106.8369586', '130', '2018-11-08', '', '', '', NULL, NULL, NULL, NULL, NULL, NULL, NULL, '130081118', NULL, NULL, '2018-11-08 09:43:23', 770, NULL, 'Planned', NULL, NULL);
INSERT INTO `supervisi_headers` VALUES ('1784d702-de7b-11e8-87f1-005056b25997', '37.421998333333335', '-122.08400000000002', '156', '2018-11-02', '1', '6', '1', NULL, NULL, 'cobates', NULL, '2018-12-01', '2018-12-12', 'ruwet', '156021118161', '2018-11-02 18:28:53', NULL, '2018-11-02 16:26:17', 2, NULL, 'Done', '0', 'hhiihi');
INSERT INTO `supervisi_headers` VALUES ('72a4b3d6-dcb5-11e8-87f1-005056b25997', '37.421998333333335', '-122.08400000000002', '156', '2018-10-31', '1', '6', '1', NULL, NULL, 'huhuhuhu', NULL, '2018-10-30', '2018-10-30', '', '156311018161', '2018-11-01 16:15:32', NULL, '2018-10-31 10:18:59', 1, NULL, 'Planned', '0', 'hih');
INSERT INTO `supervisi_headers` VALUES ('7c2dbab5-e2fe-11e8-b673-005056be36b2', '', '106.8369586', '100', '2018-11-08', '', '', '1', NULL, NULL, NULL, NULL, NULL, NULL, NULL, '1000811181', NULL, NULL, '2018-11-08 09:32:06', 770, NULL, 'Planned', NULL, NULL);
INSERT INTO `supervisi_headers` VALUES ('e9324e90-dbee-11e8-87f1-005056b25997', '37.421998333333335', '-122.08400000000002', '156', '2018-10-30', '1', '6', '1', NULL, NULL, NULL, NULL, NULL, NULL, NULL, '156301018161', NULL, NULL, '2018-10-30 10:37:48', 1, '0', 'Planned', '0', NULL);
INSERT INTO `supervisi_headers` VALUES ('f4581494-e273-11e8-b673-005056be36b2', '37.421998333333335', '-122.08400000000002', '156', '2018-11-07', '1', '6', '1', NULL, NULL, NULL, NULL, NULL, NULL, NULL, '156071118161', NULL, NULL, '2018-11-07 17:41:18', 2, NULL, 'Planned', NULL, NULL);

-- ----------------------------
-- Table structure for users
-- ----------------------------
DROP TABLE IF EXISTS `users`;
CREATE TABLE `users`  (
  `id` bigint(20) UNSIGNED NOT NULL AUTO_INCREMENT,
  `name` varchar(60) CHARACTER SET utf8 COLLATE utf8_unicode_ci NOT NULL,
  `username` varchar(60) CHARACTER SET utf8 COLLATE utf8_unicode_ci NOT NULL,
  `password` varchar(255) CHARACTER SET utf8 COLLATE utf8_unicode_ci NOT NULL,
  `email` varchar(255) CHARACTER SET utf8 COLLATE utf8_unicode_ci NOT NULL,
  `is_actived` tinyint(1) NOT NULL,
  `is_login` tinyint(1) NOT NULL DEFAULT 0,
  `last_login` datetime(0) NULL DEFAULT NULL,
  `last_activity` datetime(0) NULL DEFAULT NULL,
  `created` datetime(0) NOT NULL,
  `kd_dealer` varchar(10) CHARACTER SET utf8 COLLATE utf8_unicode_ci NOT NULL,
  `id_wilayah` varchar(5) CHARACTER SET utf8 COLLATE utf8_unicode_ci NULL DEFAULT NULL,
  `group_id` char(36) CHARACTER SET utf8 COLLATE utf8_unicode_ci NULL DEFAULT NULL,
  PRIMARY KEY (`id`) USING BTREE,
  UNIQUE INDEX `username_i`(`username`) USING BTREE,
  UNIQUE INDEX `email_i`(`email`) USING BTREE
) ENGINE = InnoDB AUTO_INCREMENT = 1015 CHARACTER SET = utf8 COLLATE = utf8_unicode_ci ROW_FORMAT = Compact;

-- ----------------------------
-- Records of users
-- ----------------------------
INSERT INTO `users` VALUES (1, 'Administrator', 'administrator', 'b8d300533f13712bfc83241fad26eac72db9bd5d', 'rijal.asep.nugroho@gmail.com', 1, 1, '2018-10-30 11:19:04', '2018-10-30 11:19:07', '2011-07-18 00:00:00', 'ADMIN', NULL, 'd54c7a36-0590-11e8-9702-ac220b');
INSERT INTO `users` VALUES (5, 'YULIASARI-MKT1', 'YULIASARI', 'b01e9c61caef070d16834b3971e4db26e717c31a', 'yuliasari@wahanaartha.com', 1, 0, '2016-03-23 16:33:54', '2016-03-23 16:33:54', '2012-07-04 19:50:27', 'MKT', NULL, NULL);
INSERT INTO `users` VALUES (6, 'KESUMA', 'KESUMA', 'b2aa44f934b1592d2f392920a1e55ae6d6af62f4', 'kesuma.setia@wahanaatha.com', 1, 0, '2013-02-21 09:00:11', '2013-02-21 09:02:16', '2012-07-04 20:01:19', '', NULL, NULL);
INSERT INTO `users` VALUES (7, 'OLIVIA-MKT', 'OLIVIAMKT', 'b01e9c61caef070d16834b3971e4db26e717c31a', 'olivia@wahanaartha.com', 1, 0, '2013-01-30 12:23:22', '2013-01-30 12:23:22', '2012-07-10 17:44:46', '', NULL, NULL);
INSERT INTO `users` VALUES (8, 'WARI JATAKE', 'wari_jatake', 'b01e9c61caef070d16834b3971e4db26e717c31a', 'wari_jatake@yahoo.co.id', 1, 0, '2016-05-02 14:07:04', '2016-05-02 14:07:08', '2012-07-18 16:33:03', '164', NULL, NULL);
INSERT INTO `users` VALUES (149, 'DEALER (ANGSANA)', 'ANGSANA149', 'b01e9c61caef070d16834b3971e4db26e717c31a', 'angsana@jaringanhonda.com', 1, 0, '2017-07-07 14:46:06', '2017-07-07 14:55:28', '2012-12-03 18:40:22', '149', NULL, NULL);
INSERT INTO `users` VALUES (228, 'WLI', 'admin_wli', 'f3e6cfbed5a6f5b41d2762dbbbbaf5efd668683b', 'wahab@wahanaartha.com', 1, 0, '0000-00-00 00:00:00', '0000-00-00 00:00:00', '0000-00-00 00:00:00', 'WLI', NULL, NULL);
INSERT INTO `users` VALUES (510, 'WARI-CONDET', 'WARICON192', 'b76838d72badb2db17aaf36df0c2fb4949477b75\r\n', 'didik.dwi.purwanto@wahanaartha.com', 1, 0, '2012-11-21 00:00:00', '2012-11-21 00:00:00', '2012-03-29 00:00:00', '192', NULL, NULL);
INSERT INTO `users` VALUES (511, 'DEALER (TELUKNAGA)', 'NAGA085', 'fc81ce5111945a19c8b9b38bf1ebcbd679889d60', 'teluknaga@jaringanhonda.com', 1, 0, '2013-01-03 17:44:13', '2013-01-03 17:46:11', '2012-11-28 22:08:40', '085', NULL, NULL);
INSERT INTO `users` VALUES (512, 'TERMOS', 'TERMOS_994', '7c222fb2927d828af22f592134e8932480637c0d', 'termos@jaringanhonda.com', 1, 0, '2012-12-01 09:37:30', '2012-12-01 09:37:35', '2012-11-15 09:37:38', '994', NULL, NULL);
INSERT INTO `users` VALUES (513, 'DEALER(GSO)', 'GSO996', '4a52a5ed076a9b8576aa627b691045d257de7156', 'gso@jaringanhonda.com', 1, 0, '2014-07-24 11:44:05', '2014-07-24 11:44:31', '2012-12-03 16:51:30', '996', NULL, NULL);
INSERT INTO `users` VALUES (514, 'DEALER (MITRA MAKMUR MANDIRI)', 'MITRA118', 'b01e9c61caef070d16834b3971e4db26e717c31a', 'makmurjaya_motor@jaringanhonda.com', 1, 0, '2012-12-03 16:53:31', '2012-12-03 16:53:31', '2012-12-03 16:53:31', '118', NULL, NULL);
INSERT INTO `users` VALUES (515, 'DEALER  (DAM MOTOR)', 'DAM141', '79dd664844ff9e65e4ca27e7409d53564a4da9f3', 'cikupa@daya-motor.com', 1, 0, '2013-02-05 16:09:12', '2013-02-05 16:12:32', '2012-12-03 16:54:28', '141', NULL, NULL);
INSERT INTO `users` VALUES (516, 'WAH-GUNUNG SAHARI', 'GUNUNG998', '62cbfa68128f8343557c3aa3861acc04b79006e0', 'h4nny_jo@yahoo.com', 1, 0, '2012-12-03 16:55:26', '2012-12-03 16:55:26', '2012-12-03 16:55:26', '998', NULL, NULL);
INSERT INTO `users` VALUES (517, 'DEALER (JAYA MOTOR)', 'JMOTOR142', '5f6afcabee029cdc58ba904b99a3ef2e94017f95', 'jaya_motor@jaringanhonda.com', 1, 0, '2012-12-03 16:56:25', '2012-12-03 16:56:25', '2012-12-03 16:56:25', '142', NULL, NULL);
INSERT INTO `users` VALUES (518, 'DEALER (PASARKEMIS)', 'PASARKEMIS153', '30fee706dbfaced591745a0c0db5b204695f355a', 'pasarkemis@jaringanhonda.com', 1, 0, '2012-12-03 16:57:36', '2012-12-03 16:57:36', '2012-12-03 16:57:36', '153', NULL, NULL);
INSERT INTO `users` VALUES (519, 'DEALER (BESMOTOR)', 'BESMOTOR156', '6f2328152319fef3582d8e0d25cefd7ab3affd04', 'bes@jaringanhonda.com', 1, 0, '2013-02-09 12:50:38', '2013-02-09 13:02:57', '2012-12-03 16:58:34', '156', NULL, NULL);
INSERT INTO `users` VALUES (520, 'WARI-GEDONG PANJANG', 'WAHGDP103', '016fb7cb9ed41fa5a2ae03183b8322ead03e7186', 'nizar.gpa@gmail.com', 1, 0, '2012-12-03 16:59:20', '2012-12-03 16:59:20', '2012-12-03 16:59:20', '103', NULL, NULL);
INSERT INTO `users` VALUES (521, 'DEALER (MGMOTOR)', 'MGMOTOR003', '55c85eeaefe85741a86ba7f7ca2603f3070dc615', 'msal_motor@jaringanhonda.com', 1, 0, '2012-12-03 17:00:06', '2012-12-03 17:00:06', '2012-12-03 17:00:06', '003', NULL, NULL);
INSERT INTO `users` VALUES (522, 'DEALER (MANDALA157)', 'MANDA157', '1a5e6688a5769d7dc029890709f9c6f9fc89032b', 'mandala2@jaringanhonda.com', 1, 0, '2013-01-26 17:20:44', '2013-01-26 17:30:23', '2012-12-03 17:00:57', '157', NULL, NULL);
INSERT INTO `users` VALUES (523, 'DEALER (ATLANTIC)', 'ATLANTIC036', 'b01e9c61caef070d16834b3971e4db26e717c31a', 'atlantic@jaringanhonda.com', 1, 0, '2015-05-22 10:44:14', '2015-05-22 11:12:28', '2012-12-03 17:02:40', '036', NULL, NULL);
INSERT INTO `users` VALUES (524, 'DEALER (PRANATA)', 'PRANATA108', 'e165bd70a9a49dcfb2cfe06188fcfcdf96ca231f', 'pranatamotor@jaringanhonda.com', 1, 0, '2012-12-03 17:03:26', '2012-12-03 17:03:26', '2012-12-03 17:03:26', '108', NULL, NULL);
INSERT INTO `users` VALUES (525, 'DEALER (NSS 2)', 'NSS114', '9855dd4927454f84024a1fa7b6c135ea94133e18', 'sisca.angela@nusantara-sakti.com', 1, 0, '2013-01-12 04:43:16', '2013-01-12 04:43:27', '2012-12-03 17:04:09', '114', NULL, NULL);
INSERT INTO `users` VALUES (526, 'DEALER (BUDI 004)', 'BUDI004', 'b01e9c61caef070d16834b3971e4db26e717c31a', 'bud1@jaringanhonda.com', 1, 0, '2015-04-08 16:38:43', '2015-04-08 16:38:58', '2012-12-03 17:05:07', '004', NULL, NULL);
INSERT INTO `users` VALUES (527, 'DEALER (JAYA P 116)', 'JAYAP116', '891ae3c2eceebfdee533ba31430f4ec8683f64e3', 'jayaperkasa@yahoo.com', 1, 0, '2012-12-03 17:05:52', '2012-12-03 17:05:52', '2012-12-03 17:05:52', '116', NULL, NULL);
INSERT INTO `users` VALUES (528, 'DEALER (BARENO MOTOR)', 'BARENO168', 'b7e23cfc922134d946de298e15bb5fce9b772961', 'bareno_motor@yahoo.com', 1, 0, '2012-12-03 17:06:33', '2012-12-03 17:06:33', '2012-12-03 17:06:33', '168', NULL, NULL);
INSERT INTO `users` VALUES (529, 'BOROBUDUR196', 'BOROBUDUR196', 'beeb8816f881f83bf59231b9a69412c70a9f4e98', 'bbd45644646@yahoo.com', 1, 0, '2012-12-03 17:07:15', '2012-12-03 17:07:15', '2012-12-03 17:07:15', '196', NULL, NULL);
INSERT INTO `users` VALUES (530, 'DEALER (NEW INDOERA I -TGR)', 'NEWIITGR005', 'eb1cac49adea34bf3f9ea1315a35748ec85d80a5', 'anton51165@hotmail.com', 1, 0, '2012-12-03 17:08:09', '2012-12-03 17:08:09', '2012-12-03 17:08:09', '005', NULL, NULL);
INSERT INTO `users` VALUES (531, 'DEALER (PALMERAH II)', 'PALMERAH110', '723de2409909a4115c2cae7dd41f36a73dd08a1c', 'palmerahcakung@jaringanhonda.com', 1, 0, '2012-12-03 17:08:52', '2012-12-03 17:08:52', '2012-12-03 17:08:52', '110', NULL, NULL);
INSERT INTO `users` VALUES (532, 'DEALER (CAHAYAMAS)', 'CAHAYAMAS006', '7b38cbf511c6a0f7636fd66b3e513d30b45bef59', 'cahaya_mas@jaringanhonda.com', 1, 0, '2012-12-03 17:09:37', '2012-12-03 17:09:37', '2012-12-03 17:09:37', '006', NULL, NULL);
INSERT INTO `users` VALUES (533, 'DEALER (LEO MITRA P)', 'LEOMP041', '1f5afad81d77a0cd177701f4d0399f3a27aff969', 'leoMitra@wahanartha.com', 1, 0, '2012-12-03 17:10:16', '2012-12-03 17:10:16', '2012-12-03 17:10:16', '010', NULL, NULL);
INSERT INTO `users` VALUES (534, 'DEALER (PELITA014)', 'PELITA014', 'f3daa365061a35d37817cd3fca06981f0482e46d', 'pelitajaya@jaringanhonda.com', 1, 0, '2012-12-03 17:11:00', '2012-12-03 17:11:00', '2012-12-03 17:11:00', '014', NULL, NULL);
INSERT INTO `users` VALUES (535, 'DEALER (KARTIKA BERKAT ABADI)', 'KARTIKA120', 'b01e9c61caef070d16834b3971e4db26e717c31a', 'kba_motor@jaringanhonda.com', 1, 0, '2015-07-28 10:22:26', '2015-07-28 10:22:46', '2012-12-03 17:11:46', '120', NULL, NULL);
INSERT INTO `users` VALUES (538, 'DEALER (KICO MOTOR)', 'KICO108', '5f5fc1667d94361015107efe8acb0083fdb65820', 'kico_motor@jaringanhonda.com', 1, 0, '2013-02-04 08:44:51', '2013-02-04 08:44:51', '2012-12-03 17:30:27', '018', NULL, NULL);
INSERT INTO `users` VALUES (539, 'DEALER (KAWI MOTOR)', 'KAWI122', '2c1de0735a88f511be1d268abfb15a94b76529d0', 'kawi_motor@jaringanhonda.com', 1, 0, '2012-12-03 17:31:32', '2012-12-03 17:31:32', '2012-12-03 17:31:32', '122', NULL, NULL);
INSERT INTO `users` VALUES (540, 'DEALER (ORION JAYA)', 'ORION022', '909f4f9273eee56a108b403a560c7879a3498e6f', 'orionjaya@jaringanhonda.com', 1, 0, '2012-12-03 17:32:08', '2012-12-03 17:32:08', '2012-12-03 17:32:08', '022', NULL, NULL);
INSERT INTO `users` VALUES (541, 'DEALER (BERKAT KARUNIA)', 'BKM88', '218712f5c54c17503370f089ba7eab8915164dd6', 'bkm@jaringanhonda.com', 1, 0, '2012-12-03 17:32:47', '2012-12-03 17:32:47', '2012-12-03 17:32:47', '123', NULL, NULL);
INSERT INTO `users` VALUES (542, 'DEALER (KANAAN124)', 'KANAAN124', 'f3195dc4f2233aecd13d677c0a49b987a4f272b6', 'kanaan@jaringanhonda.com', 0, 0, '2012-12-03 17:33:28', '2012-12-03 17:33:28', '2012-12-03 17:33:28', '124', NULL, NULL);
INSERT INTO `users` VALUES (543, 'DEALER (TUNAS SAKTI)', 'TUNAS023', 'cfa16b122418928adb7df657842c0d98e97ca5a0', 'tunassakti@jaringanhonda.com', 1, 0, '2013-01-11 00:05:58', '2013-01-11 00:09:58', '2012-12-03 17:34:06', '023', NULL, NULL);
INSERT INTO `users` VALUES (544, 'DEALER (PIRAMIDA125)', 'PIRAMIDA125', '250b6860fdb607456cb732faf75a9931c3bbba72', 'piramida_honda@jaringanhonda.com', 1, 0, '2012-12-03 17:34:45', '2012-12-03 17:34:45', '2012-12-03 17:34:45', '125', NULL, NULL);
INSERT INTO `users` VALUES (545, 'DEALER (DUNIAMOTOR1)', 'DUNIAM027', 'c18ac9cc47dde18a99337b24dbf4b2559f441a0c', 'duniamotorindo@jaringanhonda.com', 1, 0, '2012-12-03 17:35:24', '2012-12-03 17:35:24', '2012-12-03 17:35:24', '027', NULL, NULL);
INSERT INTO `users` VALUES (546, 'DEALER (VARIAMOTOR)', 'VARIA030', '7d73f3dce96dec0f72805efe3e3f165755f14f4e', 'variamotor.jaringanhonda@gmail.com', 1, 0, '2012-12-03 17:36:05', '2012-12-03 17:36:05', '2012-12-03 17:36:05', '030', NULL, NULL);
INSERT INTO `users` VALUES (547, 'DEALER (JATAKE MTR)', 'JATAKE126', 'a5f5e00080fd6246e57c0c93b141e99b10977521', 'jatake@jaringanhonda.com', 1, 0, '2012-12-03 17:36:57', '2012-12-03 17:36:57', '2012-12-03 17:36:57', '126', NULL, NULL);
INSERT INTO `users` VALUES (548, 'DEALER (NEW INDOERA I -JKT)', 'NEWIIJKT034', '83e628577f09b85aed1686d818a57bc4db3011e7', 'intan_motor@jaringanhonda.com', 1, 0, '2012-12-03 17:37:36', '2012-12-03 17:37:36', '2012-12-03 17:37:36', '034', NULL, NULL);
INSERT INTO `users` VALUES (549, 'DEALER (MITRA 168)', 'MITRA169', 'b01e9c61caef070d16834b3971e4db26e717c31a', 'mitra168@jaringanhonda.com', 1, 0, '2015-11-10 13:42:37', '2015-11-10 13:47:21', '2012-12-03 17:38:18', '168', NULL, NULL);
INSERT INTO `users` VALUES (550, 'DEALER (MUTIARA MTR)', 'MUTIARA035', '73e8f2f90d0ff7529a6e3b5b875318c49f31d709', 'mutiaramotor@jaringanhonda.com', 1, 0, '2012-12-03 17:45:21', '2012-12-03 17:45:21', '2012-12-03 17:45:21', '035', NULL, NULL);
INSERT INTO `users` VALUES (551, 'DEALER (SPEDMO043)', 'SPEDMO043', 'c69a3b9a2bee76673949b388689124aca4516e69', 'SPEDMO@wahanaartha.com', 1, 0, '2012-12-03 17:51:32', '2012-12-03 17:51:32', '2012-12-03 17:51:32', '043', NULL, NULL);
INSERT INTO `users` VALUES (552, 'WARI-KARANG MULYA', 'WAHKMLY129', '68d17cefcd63b6b803de238e438b348372d76537', 'wahana_kmu@jaringanhonda.com', 1, 0, '2012-12-03 17:52:11', '2012-12-03 17:52:11', '2012-12-03 17:52:11', '129', NULL, NULL);
INSERT INTO `users` VALUES (553, 'DEALER (Anugerah AA)', 'AAABA047', '62061aad531f5e54aa187531b9dcf2d95913aa4f', 'autocentra@jaringanhonda.com', 1, 0, '2012-12-03 18:01:56', '2012-12-03 18:01:56', '2012-12-03 18:01:56', '047', NULL, NULL);
INSERT INTO `users` VALUES (554, 'DEALER (DUNIAMOTOR2)', 'DUNIAM048', '96a007487b4ec3747e691d6207c5f38ab22b4719', 'sidumowm@yahoo.co.id', 1, 0, '2013-01-11 23:08:22', '2013-01-11 23:17:09', '2012-12-03 18:02:39', '048', NULL, NULL);
INSERT INTO `users` VALUES (555, 'DEALER (CLARA I)', 'CLARA049', '35f814a5a6cb27da0815384a8a17a0557bb65694', 'claramulya@jaringanhonda.com', 1, 0, '2013-01-19 16:07:07', '2013-01-19 16:08:16', '2012-12-03 18:04:03', '049', NULL, NULL);
INSERT INTO `users` VALUES (556, 'DEALER (UNI PARAMP)', 'UNIPARAM055', 'b62dfa2d0bce4e8c68931fe1dad846b6b78db162', 'yusnitahonda@yahoo.com', 1, 0, '2013-01-25 19:15:18', '2013-01-25 19:17:02', '2012-12-03 18:04:49', '055', NULL, NULL);
INSERT INTO `users` VALUES (557, 'WARI-CIPUTAT', 'CIPUTAT062', '32a1d2d8d0dc4c519318fd7271052f6e63f52950', 'wah_cpt@ymail.com', 1, 0, '2012-12-03 18:05:27', '2012-12-03 18:05:27', '2012-12-03 18:05:27', '062', NULL, NULL);
INSERT INTO `users` VALUES (558, 'DEALER (SAMUDRA)', 'SAMUD063', 'b01e9c61caef070d16834b3971e4db26e717c31a', 'samudra_honda@jaringanhonda.com', 1, 0, '2015-11-10 10:51:09', '2015-11-10 10:51:13', '2012-12-03 18:06:05', '063', NULL, NULL);
INSERT INTO `users` VALUES (559, 'DEALER (NAMBO1)', 'NAMBO065', 'b01e9c61caef070d16834b3971e4db26e717c31a', 'nambo_motor@jaringanhonda.com', 1, 0, '2017-12-28 11:02:27', '2017-12-28 14:15:21', '2012-12-03 18:06:50', '065', NULL, NULL);
INSERT INTO `users` VALUES (560, 'DEALER (PANDAWA2)', 'PANDAWA067', '5c9fb96cdacb8f3a62ead7d0e43888121940b91a', 'pandawa_lima@jaringanhonda.com', 1, 0, '2012-12-03 18:07:57', '2012-12-03 18:07:57', '2012-12-03 18:07:57', '067', NULL, NULL);
INSERT INTO `users` VALUES (561, 'DEALER (TAURUS MOTOR)', 'TRS066', '2ab01a41ffa730d6f4b943b0548b4087fc207a78', 'Taurus@wahanaartha.com', 1, 0, '2012-12-03 18:08:37', '2012-12-03 18:08:37', '2012-12-03 18:08:37', '066', NULL, NULL);
INSERT INTO `users` VALUES (562, 'DEALER (PRIMA MOTOR)', 'PRIMA068', 'f7a1cb818c44e3eaf4a56172b1e51b19a01c643a', 'prima_motor_2005@yahoo.com', 1, 0, '2013-01-11 00:10:24', '2013-01-11 00:18:00', '2012-12-03 18:24:38', '068', NULL, NULL);
INSERT INTO `users` VALUES (563, 'DEALER (SUPRA MOTOR)', 'SUPRA133', '2770aeeaf05eadab37d5d2588683ea773128ae8e', 'supra.motor133@yahoo.com', 1, 0, '2012-12-03 18:26:04', '2012-12-03 18:26:04', '2012-12-03 18:26:04', '133', NULL, NULL);
INSERT INTO `users` VALUES (564, 'DEALER (TRIMITRA)', 'TUM136', 'fb88e31c5d6ccd5f93b17488fd1f6755eca43d81', 'tum@jaringanhonda.com', 1, 0, '2013-02-18 17:49:49', '2013-02-18 17:50:16', '2012-12-03 18:26:40', '136', NULL, NULL);
INSERT INTO `users` VALUES (565, 'DEALER (PRO UNION)', 'PROUNI072', 'f12b29d02fcb9e55e07680a315584d0b5f836a9f', 'prounion@jaringanhonda.com', 1, 0, '2012-12-03 18:27:35', '2012-12-03 18:27:35', '2012-12-03 18:27:35', '001', NULL, NULL);
INSERT INTO `users` VALUES (566, 'DEALER (BIMA KJ)', 'BIMA073', 'c2df69c6fcc19432cb9a56dcdc1d436bafa3ab10', 'bimamotor@jaringanhonda.com', 1, 0, '2013-01-10 23:36:46', '2013-01-10 23:37:20', '2012-12-03 18:28:24', '073', NULL, NULL);
INSERT INTO `users` VALUES (567, 'DEALER (BUARAN140)', 'BUARAN140', '39e271a6f8e003f1a17537f00b16415caf57f3f8', 'buaran@jaringanhonda.com', 1, 0, '2012-12-03 18:29:02', '2012-12-03 18:29:02', '2012-12-03 18:29:02', '140', NULL, NULL);
INSERT INTO `users` VALUES (568, 'DEALER (HAKA)', 'HAKA163', 'b82d6b98fcc8c588ba5fa45a4aa3632bc2b06760', 'haka_motor@jaringanhonda.com', 1, 0, '2012-12-03 18:31:08', '2012-12-03 18:31:08', '2012-12-03 18:31:08', '163', NULL, NULL);
INSERT INTO `users` VALUES (569, 'DEALER (RODA MOTOR)', 'RODA191', 'd9fc36e8824f015d958f6c0e90dbddbf298aada7', 'rodamakmur@jaringanhonda.com', 1, 0, '2013-02-13 09:07:30', '2013-02-13 09:07:30', '2012-12-03 18:31:44', '191', NULL, NULL);
INSERT INTO `users` VALUES (570, 'DEALER (MENTARI AS)', 'MENTARI130', '65baead9956849f69901536719b2f50461850fad', 'mentarimtr@jaringanhonda.com', 1, 0, '2012-12-03 18:32:22', '2012-12-03 18:32:22', '2012-12-03 18:32:22', '130', NULL, NULL);
INSERT INTO `users` VALUES (571, 'DEALER (TERANG115)', 'TERANG115', 'b01e9c61caef070d16834b3971e4db26e717c31a', 'teranganugerah@yahoo.co.id', 1, 0, '2015-02-03 16:31:50', '2015-02-03 16:32:13', '2012-12-03 18:38:17', '115', NULL, NULL);
INSERT INTO `users` VALUES (572, 'DEALER (CENGKARENG143)', 'CENGKARENG143', 'b01e9c61caef070d16834b3971e4db26e717c31a', 'cengkareng@jaringanhonda.com', 1, 0, '2015-07-28 11:25:56', '2015-07-28 14:14:24', '2012-12-03 18:39:43', '143', NULL, NULL);
INSERT INTO `users` VALUES (574, 'DEALER (SUNTER MOTOR)', 'SUNTER159', 'dc1b61abe29b063b54bfd8f2e9e0392e39b295e9', 'sunter@jaringanhonda.com', 1, 0, '2012-12-03 18:40:56', '2012-12-03 18:40:56', '2012-12-03 18:40:56', '159', NULL, NULL);
INSERT INTO `users` VALUES (575, 'DEALER (FATMAWATI)', 'FATMA162', '91bd759c80143e0854ccfd9aac8ccaf218e98f29', 'fatmawati_motor@jaringanhonda.com', 1, 0, '2013-01-11 21:02:58', '2013-01-11 21:03:25', '2012-12-03 18:41:46', '162', NULL, NULL);
INSERT INTO `users` VALUES (576, 'DEALER (ADHITYAMOTOR)', 'ADHITYA165', '69f0ccade3258b179637a5b66e067b5bbb2cdeb3', 'adhityamotor@jaringanhonda.com', 1, 0, '2012-12-03 18:42:23', '2012-12-03 18:42:23', '2012-12-03 18:42:23', '165', NULL, NULL);
INSERT INTO `users` VALUES (577, 'DEALER  (CILILITAN166)', 'CILILITAN166', '0e6c9180f585c6f04cd80fb8aaf43502bb045f53', 'cililitan_motor@jaringanhonda.com', 1, 0, '2012-12-03 18:43:00', '2012-12-03 18:43:00', '2012-12-03 18:43:00', '166', NULL, NULL);
INSERT INTO `users` VALUES (578, 'DEALER (JATI MAKMUR ABADI)', 'JATIMA167', '97e5f84626549d6e14bac93aa0d100bd6ec3c02b', 'jati.motor@yahoo.com', 1, 0, '2013-01-11 16:39:41', '2013-01-11 16:40:49', '2012-12-03 18:43:36', '167', NULL, NULL);
INSERT INTO `users` VALUES (579, 'DEALER (MITRA181)', 'MITRA181', 'b6684a6fb7e7f2002f6ec7b9c26aa9e224676e03', 'mitra_priok@jaringanhonda.com', 1, 0, '2012-12-03 18:47:15', '2012-12-03 18:47:15', '2012-12-03 18:47:15', '181', NULL, NULL);
INSERT INTO `users` VALUES (580, 'SENTRA ARMADA MOTOR', 'SENTRA193', 'a1b521eea9fe1c1d0db0ff9218e398a76fad96d6', 'sentraarmadamotor@yahoo.com', 1, 0, '2013-01-10 22:41:13', '2013-01-10 22:50:25', '2012-12-03 18:47:54', '193', NULL, NULL);
INSERT INTO `users` VALUES (581, 'DEALER (TUNAS DWIPA)', 'TUNAS138', '0e39d5baafb0825e9e48c0ea5e2866684047f791', 'like_ridwan@yahoo.com', 1, 0, '2012-12-03 18:48:34', '2012-12-03 18:48:34', '2012-12-03 18:48:34', '138', NULL, NULL);
INSERT INTO `users` VALUES (582, 'DEALER (Artha Sentra Oto)', 'ASO145', 'c2e750f099ccb004ca0933ed741ca0057b9c9eda', 'aso@jaringanhonda.com', 1, 0, '2012-12-03 18:49:11', '2012-12-03 18:49:11', '2012-12-03 18:49:11', '145', NULL, NULL);
INSERT INTO `users` VALUES (583, 'DEALER (TELAGA MM)', 'TELAGA146', '1ed482450f98bf75dae94d2b1d8e9b6c6f94ba28', 'telaga_h123@yahoo.com', 1, 0, '2013-01-23 21:23:11', '2013-01-23 21:24:53', '2012-12-03 18:49:51', '146', NULL, NULL);
INSERT INTO `users` VALUES (584, 'DEALER (TANABANG)', 'TANABANG147', '07264f9cb742c737f194cb5e29df9e0920dcd847', 'tanabang@jaringanhonda.com', 1, 0, '2012-12-03 18:50:45', '2012-12-03 18:50:45', '2012-12-03 18:50:45', '147', NULL, NULL);
INSERT INTO `users` VALUES (585, 'WAHBAL0117', 'WAHBAL0117', 'f34f90eecd41aa7f61ecad1263af812297c94485', 'wah_bal@ymail.com', 1, 0, '2012-12-03 18:51:32', '2012-12-03 18:51:32', '2012-12-03 18:51:32', '117', NULL, NULL);
INSERT INTO `users` VALUES (586, 'DEALER (DUNIA MTR)', 'DUNIAMTR013', 'cc24ef43d4a0b2248f93ba3d168cb7924a0fb58f', 'dunia_motor@jaringanhonda.com', 1, 0, '2012-12-03 18:52:07', '2012-12-03 18:52:07', '2012-12-03 18:52:07', '013', NULL, NULL);
INSERT INTO `users` VALUES (587, 'DEALER (CLARA II)', 'CLARA148', '4283af1ecfbdc97198a83309716d089a42407b2a', 'clara2@jaringanhonda.com', 1, 0, '2012-12-03 18:52:49', '2012-12-03 18:52:49', '2012-12-03 18:52:49', '148', NULL, NULL);
INSERT INTO `users` VALUES (588, 'DEALER (THERA056)', 'THERA056', 'f6ba91fef5a22c820ce26eb0dfec915578851084', 'jakarta@daya-motor.com', 1, 0, '2012-12-03 18:53:24', '2012-12-03 18:53:24', '2012-12-03 18:53:24', '', NULL, NULL);
INSERT INTO `users` VALUES (589, 'DEALER (PALMERAH)', 'PALMERAH059', '0bdfa8a3d8d725c684dddc8e7272b11b2d30392f', 'palmerahmotor@jaringanhonda.com', 1, 0, '2012-12-03 18:54:13', '2012-12-03 18:54:13', '2012-12-03 18:54:13', '059', NULL, NULL);
INSERT INTO `users` VALUES (590, 'WARI-KLP GADING', 'WAHKGA061', '423693cea4a5800d8aee221a45936556a528a413', 'tony.permadi@yahoo.com', 1, 0, '2013-01-11 16:12:01', '2013-01-11 16:57:45', '2012-12-03 18:54:56', '061', NULL, NULL);
INSERT INTO `users` VALUES (591, 'DEALER (ARISMA DS)', 'ARISMA071', '935302ce7b40aba7c38a6a307a2291d6872565b8', 'Arisma@wahanaartha.com', 1, 0, '2012-12-03 18:55:38', '2012-12-03 18:55:38', '2012-12-03 18:55:38', '071', NULL, NULL);
INSERT INTO `users` VALUES (592, 'DEALER (RAMESA)', 'RAMESA150', '7cd3e56b2dac847b59e66591dbe3a410109d616b', 'ramesamotor@jaringanhonda.com', 1, 0, '2012-12-03 18:57:27', '2012-12-03 18:57:27', '2012-12-03 18:57:27', '150', NULL, NULL);
INSERT INTO `users` VALUES (593, 'DEALER (BEKY MOTOR)', 'BEKY155', '6d4dc3d61cb047ae484f4446ee4386be6a2d438a', 'bekymotor@jaringanhonda.com', 1, 0, '2012-12-03 18:58:02', '2012-12-03 18:58:02', '2012-12-03 18:58:02', '155', NULL, NULL);
INSERT INTO `users` VALUES (594, 'DEALER (CHEGER)', 'CHEGER161', 'd28490f4cff3ffbcf8ec88b53b956370552d59e3', 'cheger@jaringanhonda.com', 1, 0, '2012-12-03 18:58:42', '2012-12-03 18:58:42', '2012-12-03 18:58:42', '161', NULL, NULL);
INSERT INTO `users` VALUES (595, 'WARI-CIPONDOH', 'WAHCIP169', '017e471c5edb84c685e47a5765b29f8435261f8d', 'wah_cpd@ymail.com', 1, 0, '2012-12-03 18:59:26', '2012-12-03 18:59:26', '2012-12-03 18:59:26', '169', NULL, NULL);
INSERT INTO `users` VALUES (596, 'DEALER (KALIMANTAN)', 'KALI131', 'bfdd77d71d2b5892d0fabc7cea9218b2b571aa16', 'kalimantanmotor@yahoo.com', 1, 0, '2012-12-03 19:00:12', '2012-12-03 19:00:12', '2012-12-03 19:00:12', '131', NULL, NULL);
INSERT INTO `users` VALUES (597, 'DEALER (JAGAKARSA)', 'JKARSA170', '022c87305e842581a791921decbf2f240dde0288', 'jagakarsa@cbn.net.id', 1, 0, '2013-02-19 09:50:16', '2013-02-19 12:48:50', '2012-12-03 19:00:52', '170', NULL, NULL);
INSERT INTO `users` VALUES (598, 'DEALER (RADENINTEN)', 'RADEN172', 'd45fb8f3cd4e4d8879d858c1328a931244b49a79', 'radeninten@cbn.net.id', 1, 0, '2012-12-03 19:01:28', '2012-12-03 19:01:28', '2012-12-03 19:01:28', '172', NULL, NULL);
INSERT INTO `users` VALUES (599, 'DEALER (RINA173)', 'RINA173', '0109339526f34ebc61aab18a09377bf08340c639', 'rmr.cirendeu@adira-motor.com', 1, 0, '2013-02-21 10:39:58', '2013-02-21 10:40:18', '2012-12-03 19:02:38', '173', NULL, NULL);
INSERT INTO `users` VALUES (600, 'PRIORITAS174', 'PRIORITAS174', '4c9dee78f3903cf278e0742e0c2dd34516c2246e', 'prioritas@jaringanhonda.com', 1, 0, '2012-12-03 19:03:18', '2012-12-03 19:03:18', '2012-12-03 19:03:18', '174', NULL, NULL);
INSERT INTO `users` VALUES (601, 'DEALER (MITRAG134)', 'MITRAG134', 'c26df0b5339092d6e58ee38fe868edf79cd11e81', 'mitra_gemilang@jaringanhonda.com', 1, 0, '2013-01-11 00:01:24', '2013-01-11 00:02:23', '2012-12-03 19:04:03', '134', NULL, NULL);
INSERT INTO `users` VALUES (602, 'DEALER (TRIO179)', 'TRIO179', 'a32d6f7997699777f1a66457798f31287035aef0', 'triobagus_jm@yahoo.co.id', 1, 0, '2012-12-03 19:04:42', '2012-12-03 19:04:42', '2012-12-03 19:04:42', '179', NULL, NULL);
INSERT INTO `users` VALUES (603, 'CITRA180', '180CITRA', 'b5a48d5a1f59b572ab923f955227f3cb861c1800', 'citra_mandiri99@yahoo.co.id', 1, 0, '2013-01-11 20:33:04', '2013-01-11 20:33:04', '2012-12-03 19:05:19', '180', NULL, NULL);
INSERT INTO `users` VALUES (604, 'MMA197', 'MMA197', 'b01e9c61caef070d16834b3971e4db26e717c31a', 'bbd4564gergerg4646@yahoo.com', 1, 0, '2015-02-03 16:58:41', '2015-02-03 16:58:44', '2012-12-03 19:05:56', '197', NULL, NULL);
INSERT INTO `users` VALUES (605, 'DEALER (LIBRA182)', 'LIBRA182', '0b01ed85c793ee60d5fe53499e24f80beac46c2e', 'libramandiri@jaringanhonda.com', 1, 0, '2012-12-03 19:06:36', '2012-12-03 19:06:36', '2012-12-03 19:06:36', '182', NULL, NULL);
INSERT INTO `users` VALUES (606, 'WARI-CIMONE', 'WAHCIM184', 'd16df227b506e9d08833eb39c07738a026119764', 'wahana_cim@ymail.com', 1, 0, '2013-02-14 09:59:46', '2013-02-14 10:02:07', '2012-12-03 19:07:16', '184', NULL, NULL);
INSERT INTO `users` VALUES (607, 'DEALER (MGM)', 'MGM186', '9f0abc060e175b607f9a251ade3b3c3d52d23a58', 'mgm777@jaringanhonda.com', 1, 0, '2013-01-11 15:32:55', '2013-01-11 15:35:23', '2012-12-03 19:07:53', '186', NULL, NULL);
INSERT INTO `users` VALUES (608, 'DEALER (RAMAYANA187)', 'RAMAYANA187', 'b2e4ae6ea9e87641fa26e1496cd61e68586831f8', 'ramayanamitrasejahtera@yahoo.com', 1, 0, '2013-01-18 17:07:27', '2013-01-18 17:07:38', '2012-12-03 19:08:31', '187', NULL, NULL);
INSERT INTO `users` VALUES (609, 'PT BINTANG ALAM JAYA', 'bintang188', '7a1eae590571b8a17872a6b2da0ad0e1111f85bf', 'bintangalamjaya@jaringanhonda.com', 1, 0, '2012-12-03 19:09:26', '2012-12-03 19:09:26', '2012-12-03 19:09:26', '188', NULL, NULL);
INSERT INTO `users` VALUES (610, 'DEALER (KUTABUMI183)', 'KUTABUMI183', '60d8782601f04b38be49ad4a09377a332cfdaeff', 'honda_kbm@yahoo.com', 1, 0, '2013-02-11 08:49:42', '2013-02-11 08:49:50', '2012-12-03 19:10:01', '183', NULL, NULL);
INSERT INTO `users` VALUES (611, 'DEALER (SURYA ABADI MOTOR)', 'SURYA189', '839cf0e007f5805468b3878407cda6c173184f5e', 'suryaabadimotor@gmail.com', 1, 0, '2013-02-21 08:39:52', '2013-02-21 09:16:11', '2012-12-03 19:10:45', '189', NULL, NULL);
INSERT INTO `users` VALUES (612, 'DEALER (MANCUNG MOTOR)', 'MANCUNG190', 'ef9072228c8672735065f420f1cbe9e67339ee3d', 'mancung_motor@yahoo.com', 1, 0, '2012-12-03 19:11:24', '2012-12-03 19:11:24', '2012-12-03 19:11:24', '190', NULL, NULL);
INSERT INTO `users` VALUES (613, 'DEALER (Lancar Motor)', 'LANCAR075', '70649ab22cd5e39545c893ab8bb769eb14a531ec', 'lancarmotor@jaringanhonda.com', 1, 0, '2013-01-10 23:10:52', '2013-01-10 23:21:26', '2012-12-03 20:58:55', '075', NULL, NULL);
INSERT INTO `users` VALUES (614, 'DEALER (SUMATRA076)', 'SUMATRA076', 'e3713ede1686ef654d128caa652a38bc47969952', 'sps_h168@yahoo.com', 1, 0, '2012-12-03 21:00:40', '2012-12-03 21:00:40', '2012-12-03 21:00:40', '076', NULL, NULL);
INSERT INTO `users` VALUES (615, 'DEALER (PANDAWA1)', 'PANDAWA079', 'b5c0b9cd42c45a1b172b1350d4fdf4da4824f8fd', 'pandawa_lima1@jaringanhonda.com', 1, 0, '2013-02-05 16:25:37', '2013-02-05 16:25:38', '2012-12-03 21:01:50', '079', NULL, NULL);
INSERT INTO `users` VALUES (616, 'DEALER (MEGAH MTHR)', 'MEGAH082', '0f42679fe5a8faa2a4162b87d45d125e6f6e7d9b', 'megah_matahari@jaringanhonda.com', 1, 0, '2012-12-03 21:02:35', '2012-12-03 21:02:35', '2012-12-03 21:02:35', '082', NULL, NULL);
INSERT INTO `users` VALUES (617, 'DEALER (Chandra P)', 'CHANDRA083', '53453e628eaf8528d65263b7d6b16c1bb816d0a4', 'chandra_parama_mas@hotmail.com', 1, 0, '2012-12-03 21:03:16', '2012-12-03 21:03:16', '2012-12-03 21:03:16', '083', NULL, NULL);
INSERT INTO `users` VALUES (618, 'DEALER (GRAHA SURYA)', 'GRAHASURYA128', 'ec2c794e7c065c709d8f7b0c18baca0e4920bb60', 'anton@grahasurya.com', 1, 0, '2012-12-03 21:04:01', '2012-12-03 21:04:01', '2012-12-03 21:04:01', '128', NULL, NULL);
INSERT INTO `users` VALUES (619, 'DEALER (SERIMPI MS)', 'SERIMPI084', '96fb819eaa577012c4bbbdd4d85a0ffeb1d2cacc', 'serimpi.honda@ymail.com', 1, 0, '2013-02-16 09:48:48', '2013-02-16 11:19:21', '2012-12-03 21:04:40', '084', NULL, NULL);
INSERT INTO `users` VALUES (620, 'DEALER (KHARISMA)', 'KHARISMA105', 'a1aa4135ef1b81d2c15470a25970665e15922932', 'kharisma_honda@jaringanhonda.com', 1, 0, '2013-02-06 15:22:26', '2013-02-06 15:34:44', '2012-12-03 21:05:20', '105', NULL, NULL);
INSERT INTO `users` VALUES (621, 'DEALER ( MARGOMULYO)', 'MARGO087', 'dd23a381a9fe08b0d43fbd0b2a8013bfccf7c13a', 'margomulyomegah@yahoo.com', 1, 0, '2012-12-03 21:05:55', '2012-12-03 21:05:55', '2012-12-03 21:05:55', '087', NULL, NULL);
INSERT INTO `users` VALUES (622, 'DEALER (MEKAR AMJ)', 'MEKAR088', '71233925202b6d98012810d8a56189101c1a130b', 'mekarabadi@jaringanhonda.com', 1, 0, '2013-01-11 17:59:42', '2013-01-11 18:02:46', '2012-12-03 21:06:34', '088', NULL, NULL);
INSERT INTO `users` VALUES (623, 'DEALER (Mandiri Berkat Unggul)', '090MBU', '5836e8dec226bdbdfe49a272d258d968178950af', 'unggul_marketing@jaringanhonda.com', 1, 0, '2012-12-03 21:07:17', '2012-12-03 21:07:17', '2012-12-03 21:07:17', '090', NULL, NULL);
INSERT INTO `users` VALUES (624, 'DEALER (INDIJAYA)', 'INDI092', '8fb9387f784a576d1d88380f26b7c1b1fa2d809f', 'indi_jayamotor@yahoo.com', 1, 0, '2012-12-03 21:07:58', '2012-12-03 21:07:58', '2012-12-03 21:07:58', '092', NULL, NULL);
INSERT INTO `users` VALUES (625, 'DEALER (RAMAYANA)', 'RAMAYANA101', 'c00c89ffa372ddd0d886d8321f94b6684b339190', 'ramayana7@jaringanhonda.com', 1, 0, '2013-02-05 08:34:19', '2013-02-05 08:36:51', '2012-12-03 21:08:45', '101', NULL, NULL);
INSERT INTO `users` VALUES (626, 'DEALER (GAMMA GES)', 'GAMMA015', '7bb66028111696c2025c632f1d2c2f035c83551c', 'gamma_ges@jaringanhonda.com', 1, 0, '2012-12-03 21:09:32', '2012-12-03 21:09:32', '2012-12-03 21:09:32', '013', NULL, NULL);
INSERT INTO `users` VALUES (627, 'DEALER (BUDI MOTOR KML)', 'BUDI104', 'b01e9c61caef070d16834b3971e4db26e717c31a', 'Bud1@JaringanHonda.co.id', 1, 0, '2015-04-09 15:30:14', '2015-04-09 15:33:03', '2012-12-03 21:11:24', '104', NULL, NULL);
INSERT INTO `users` VALUES (628, 'DEALER (CENTRAL107)', 'CENTRAL107', '1d991ba645f99928cd366c2804bba85c68536d61', 'central_honda@jaringanhonda.com', 1, 0, '2012-12-03 21:11:59', '2012-12-03 21:11:59', '2012-12-03 21:11:59', '107', NULL, NULL);
INSERT INTO `users` VALUES (629, 'DEALER (NAMBO2)', 'NAMBO111', 'ad972e3163afec17b262d2e45b86caa26c388870', 'nambo_motor@jaringanhonda.co.id', 1, 0, '2013-01-11 16:50:48', '2013-01-11 16:52:32', '2012-12-03 21:12:57', '111', NULL, NULL);
INSERT INTO `users` VALUES (630, 'WARI-TANAH TINGGI', 'WAHTTG', '6bb16f27c4cc7962b240981d882786e8a3216d46', 'wah_tti@ymail.com', 1, 0, '2012-12-03 21:13:35', '2012-12-03 21:13:35', '2012-12-03 21:13:35', '171', NULL, NULL);
INSERT INTO `users` VALUES (631, 'BALARAJA', 'BALARAJA', '2cf64a52ba2d756e0568ff98f879418d74f8f8cf', 'balaraja@wahanaartha.com', 1, 0, '2013-01-16 21:16:00', '2013-01-16 21:31:40', '2012-12-03 21:14:17', '117', NULL, NULL);
INSERT INTO `users` VALUES (632, 'DEALER (SETIA177)', 'SETIA177', 'c8c2403bed4d3f5278d4ab7fcb589fa7e9e9422c', 'rharry777@yahoo.com', 1, 0, '2012-12-03 21:15:02', '2012-12-03 21:15:02', '2012-12-03 21:15:02', '177', NULL, NULL);
INSERT INTO `users` VALUES (633, 'BEJO185', 'BEJO185', '07c6dbfb03cc276aa4bd51ee891fb0df263c0322', 'bejo_putera@yahoo.com', 1, 0, '2013-02-19 14:59:39', '2013-02-19 14:59:55', '2012-12-03 21:15:40', '185', NULL, NULL);
INSERT INTO `users` VALUES (634, 'DEALER (Encep)', 'ENCEP144', 'b01e9c61caef070d16834b3971e4db26e717c31a', 'ncp@jaringanhonda.com', 1, 0, '2016-03-15 16:35:37', '2016-03-15 16:44:14', '2012-12-03 21:16:31', '144', NULL, NULL);
INSERT INTO `users` VALUES (635, 'DEALER (USAHA CIPTA MANDIRI)', 'USAHA151', '8f989f1b083ad7a023c831e49fb2ce33f223687c', 'ucmm@jaringanhonda.com', 1, 0, '2013-01-10 22:48:02', '2013-01-10 22:50:01', '2012-12-03 21:17:22', '151', NULL, NULL);
INSERT INTO `users` VALUES (636, 'DEALER (KUTABUMI158)', 'KUTABUMI158', '4c7e9173832cec5c2df1d264d39ed1ffc042edd0', 'kutabumi.motor@jaringahonda.com', 1, 0, '2012-12-03 21:18:11', '2012-12-03 21:18:11', '2012-12-03 21:18:11', '158', NULL, NULL);
INSERT INTO `users` VALUES (637, 'DEALER (PRAKOSO MOTOR)', 'PRAKOSO160', 'fec6635da396be53b4aa1da4695a0c3257ce9ebd', 'prakoso.motor@jaringanhonda.com', 1, 0, '2012-12-03 21:18:55', '2012-12-03 21:18:55', '2012-12-03 21:18:55', '160', NULL, NULL);
INSERT INTO `users` VALUES (638, 'WARI-KEMBANGAN', 'WAHKEM154', 'e2340021a55498cc1512d3fdcc49296ed9227970', 'wahana_kem@jaringanhonda.com', 1, 0, '2012-12-03 21:19:50', '2012-12-03 21:19:50', '2012-12-03 21:19:50', '154', NULL, NULL);
INSERT INTO `users` VALUES (639, 'WARI-JATINEGARA', 'WAHJAT106', '5bcf5f6094be85e016c0fdaaca4da08dc03a052b', 'wahana_jat@jaringanhonda.com', 1, 0, '2012-12-03 21:20:38', '2012-12-03 21:20:38', '2012-12-03 21:20:38', '106', NULL, NULL);
INSERT INTO `users` VALUES (640, 'DEALER (MANDALA KEKAR)', 'MANDALA112', '89553c7e0425499acb55fd6b377a85f181f49ba9', 'mandala_motor@jaringanhonda.com', 1, 0, '2013-02-19 15:07:09', '2013-02-19 15:08:58', '2012-12-03 21:21:17', '112', NULL, NULL);
INSERT INTO `users` VALUES (641, 'WARI-KALIMALANG', 'WAHKALI102', 'b01e9c61caef070d16834b3971e4db26e717c31a', 'wah.kma@gmail.com', 1, 0, '2015-02-03 16:52:34', '2015-02-03 16:53:58', '2012-12-03 21:22:10', '102', NULL, NULL);
INSERT INTO `users` VALUES (642, 'DEALER (MUTIARA PETA)', 'MUTIARA044', '573901d27c306264961d811cbd0618cd638bb9e7', 'mutiaramotor@jaringanhonda.co.id', 1, 0, '2013-02-07 11:36:34', '2013-02-07 11:36:35', '2012-12-03 21:23:00', '044', NULL, NULL);
INSERT INTO `users` VALUES (643, 'DEALER (FORMULA D)', 'FORMULA045', '4ab8a161084ba2e38dc10ef1028a943054456051', 'formulamotor@jaringanhonda.com', 1, 0, '2012-12-03 21:23:45', '2012-12-03 21:23:45', '2012-12-03 21:23:45', '045', NULL, NULL);
INSERT INTO `users` VALUES (644, 'DEALER (BERKAT JUANG)', 'BERKAT109', '2b20692868bfa0ee13ab84a92d04ebf6817ccf29', 'berkatjuang@jaringanhonda.com', 1, 0, '2012-12-03 21:24:23', '2012-12-03 21:24:23', '2012-12-03 21:24:23', '109', NULL, NULL);
INSERT INTO `users` VALUES (645, 'DEALER (SETIA139)', 'SETIA139', 'ba331c2f1b0717262e99b6910ae69dbc7d71faf1', 'setiamotor@jaringanhonda.com', 1, 0, '2012-12-03 21:25:17', '2012-12-03 21:25:17', '2012-12-03 21:25:17', '139', NULL, NULL);
INSERT INTO `users` VALUES (646, 'Marketing', 'MARKETING', 'c68fb7c994f399a69649a9d0ba6e60051e7d226f', 'marketing@wahanaartha.com', 1, 0, '2013-09-13 14:04:39', '2013-09-13 14:04:39', '2013-01-03 17:03:01', 'MKT', NULL, NULL);
INSERT INTO `users` VALUES (647, 'DEALER (MANTAP201)', 'MANTAP201', 'b01e9c61caef070d16834b3971e4db26e717c31a', 'mantap201@wahanaarta.com', 1, 0, '2015-02-03 16:37:54', '2015-02-03 16:51:44', '2013-01-09 19:12:35', '201', NULL, NULL);
INSERT INTO `users` VALUES (648, 'ANDRE_MKT', 'ANDRE_MKT', 'c68fb7c994f399a69649a9d0ba6e60051e7d226f', 'andree@wahanaartha.com', 1, 0, '2013-01-10 21:33:11', '2013-01-10 21:33:11', '2013-01-10 20:35:03', '', NULL, NULL);
INSERT INTO `users` VALUES (649, 'RICKY_MKT', 'RICKY_MKT', 'c68fb7c994f399a69649a9d0ba6e60051e7d226f', 'ricky@wahanaartha.com', 1, 0, '2013-01-10 20:35:58', '2013-01-10 20:35:58', '2013-01-10 20:35:58', '', NULL, NULL);
INSERT INTO `users` VALUES (650, 'LUKMAN_MKT', 'LUKMAN_MKT', 'c68fb7c994f399a69649a9d0ba6e60051e7d226f', 'lukman@wahanaartha.com', 1, 0, '2013-01-10 20:36:50', '2013-01-10 20:36:50', '2013-01-10 20:36:50', '', NULL, NULL);
INSERT INTO `users` VALUES (651, 'MELYSSA_MKT', 'MELYSSA_MKT', 'c68fb7c994f399a69649a9d0ba6e60051e7d226f', 'melyssa@wahanaartha.com', 1, 0, '2013-01-10 20:37:52', '2013-01-10 20:37:52', '2013-01-10 20:37:52', '', NULL, NULL);
INSERT INTO `users` VALUES (652, 'IRFAN_MKT', 'IRFAN_MKT', 'b01e9c61caef070d16834b3971e4db26e717c31a', 'irfan@wahanaartha.com', 1, 0, '2015-09-08 16:10:00', '2015-09-08 16:10:00', '2013-01-10 20:38:31', 'MKT', '13', NULL);
INSERT INTO `users` VALUES (653, 'LIKAN_MKT', 'LIKAN', '7110eda4d09e062aa5e4a390b0a572ac0d2c0220', 'likan@wahanaartha.com', 1, 0, '2017-10-05 18:04:26', '2017-10-05 18:14:27', '2013-01-10 20:39:12', '', 'LSU', 'ea16bbd9-0590-11e8-9702-ac220b');
INSERT INTO `users` VALUES (654, 'RUDY TANJUNG', 'RUDY_MKT', 'c68fb7c994f399a69649a9d0ba6e60051e7d226f', 'rudy@wahanaartha.com', 1, 0, '2013-01-12 00:00:17', '2013-01-12 00:00:58', '2013-01-10 20:41:39', '', NULL, NULL);
INSERT INTO `users` VALUES (655, 'CHRIS SALMON', 'CHRIS_MKT', 'c68fb7c994f399a69649a9d0ba6e60051e7d226f', 'chrissalmon@wahanaartha.com', 1, 0, '2013-01-10 20:42:58', '2013-01-10 20:42:58', '2013-01-10 20:42:58', '', NULL, NULL);
INSERT INTO `users` VALUES (656, 'HENRY_MKT', 'HENRY_MKT', 'c68fb7c994f399a69649a9d0ba6e60051e7d226f', 'henry@wahanaartha.com', 1, 0, '2013-01-16 20:14:46', '2013-01-16 20:16:05', '2013-01-10 20:43:37', '', NULL, NULL);
INSERT INTO `users` VALUES (657, 'RANI_TRIYANI', 'RANI_MKT', 'c68fb7c994f399a69649a9d0ba6e60051e7d226f', 'rani@wahanaartha.com', 1, 0, '2013-01-10 20:44:29', '2013-01-10 20:44:29', '2013-01-10 20:44:29', '', NULL, NULL);
INSERT INTO `users` VALUES (658, 'SUPRAPTI_MKT', 'SUPRAPTI_MKT', 'c68fb7c994f399a69649a9d0ba6e60051e7d226f', 'suprapti@wahanaartha.com', 1, 0, '2013-02-11 15:25:34', '2013-02-11 15:27:02', '2013-01-10 20:45:23', '', NULL, NULL);
INSERT INTO `users` VALUES (659, 'RENI amalia', 'reni_amalia', '5c6f8f580a7952b93d83631f6330764b118c7948', 'RENI.amalia@wahanaartha.com', 1, 0, '2013-01-23 17:51:32', '2013-01-23 17:51:32', '2013-01-16 15:50:33', '', NULL, NULL);
INSERT INTO `users` VALUES (660, 'Dealer1', 'Dealer1', 'c68fb7c994f399a69649a9d0ba6e60051e7d226f', 'Dealer1@yahoo.com', 1, 0, '2013-08-30 10:42:09', '2013-08-30 11:17:21', '2013-07-08 10:37:56', '998', NULL, NULL);
INSERT INTO `users` VALUES (661, 'Yuliasari-Mkt2', 'YULIASARI2', 'b8d300533f13712bfc83241fad26eac72db9bd5d', 'risna.prawitamurti@wahanaartha.com', 1, 0, '2016-06-22 14:11:33', '2016-06-22 14:11:33', '2014-01-09 10:24:13', 'MKT', NULL, NULL);
INSERT INTO `users` VALUES (662, 'usertest_dealer', 'usertest_dealer', 'b8d300533f13712bfc83241fad26eac72db9bd5d', 'risna_prawitamurti@wahanaartha.com', 1, 0, '2018-08-14 15:48:38', '2018-08-14 15:48:59', '2014-10-07 09:32:34', '149', NULL, NULL);
INSERT INTO `users` VALUES (664, 'usertest_sa', 'usertest_sa', '2914df56226db68c23bde0478b2f2ff00caa5a83', 'risna@wahanaartha.com', 1, 0, '2015-07-03 16:59:42', '2015-07-03 16:59:43', '2014-10-07 09:34:06', 'JYA', NULL, NULL);
INSERT INTO `users` VALUES (665, 'lala', 'fif', 'b8d300533f13712bfc83241fad26eac72db9bd5d', 'lala@gmail.com', 1, 0, '2018-05-23 11:28:23', '2018-05-23 11:28:30', '2015-01-14 14:51:29', 'LEASING', NULL, NULL);
INSERT INTO `users` VALUES (666, 'CV GRAHA MAKMUR ABADI', 'GRAHA_MAKMUR', 'b8d300533f13712bfc83241fad26eac72db9bd5d', 'mail@wahanaartha.com', 1, 0, '2015-03-24 09:26:06', '2015-03-24 09:26:06', '2015-02-25 11:25:56', 'V100000067', NULL, NULL);
INSERT INTO `users` VALUES (667, 'Rina Rusli', 'rina', 'b8d300533f13712bfc83241fad26eac72db9bd5d', 'rina@wahanaartha.com', 1, 0, '2016-09-02 16:55:22', '2016-09-02 17:02:29', '2015-03-19 10:22:25', 'MKT', NULL, NULL);
INSERT INTO `users` VALUES (668, 'Belina', 'belina', 'b8d300533f13712bfc83241fad26eac72db9bd5d', 'belina@wahanaartha.com', 1, 0, '2017-05-31 14:05:28', '2017-05-31 14:05:44', '2015-04-28 10:35:08', '', NULL, NULL);
INSERT INTO `users` VALUES (670, 'yuvita', 'yuvita', '12345678', 'yuvita@wahanaartha.com', 1, 0, '2015-07-03 17:04:07', '2015-07-03 17:04:07', '2015-07-03 17:04:07', '', NULL, NULL);
INSERT INTO `users` VALUES (671, 'admin', 'lel', 'b01e9c61caef070d16834b3971e4db26e717c31a', 'laily@wahanaartha.com', 1, 0, '2016-10-04 14:01:51', '2016-10-04 14:49:30', '2016-04-13 10:31:33', '', NULL, NULL);
INSERT INTO `users` VALUES (672, 'nelma', 'nelma', 'b01e9c61caef070d16834b3971e4db26e717c31a', 'laily2@wahanaartha.com', 1, 0, '2017-07-07 16:11:36', '2017-07-07 16:11:36', '0000-00-00 00:00:00', 'MKT', NULL, NULL);
INSERT INTO `users` VALUES (765, 'Anton Sutojo', 'anton', '7110eda4d09e062aa5e4a390b0a572ac0d2c0220', 'anton.sutojo@wahanaartha.com', 1, 1, '2018-11-02 13:15:55', '2018-11-02 13:16:12', '2016-01-18 14:43:46', 'MKT', '2', 'ea047b9b-0590-11e8-9702-ac220b');
INSERT INTO `users` VALUES (770, 'martinus', 'martinus', '7110eda4d09e062aa5e4a390b0a572ac0d2c0220', 'martinusadityap@gmail.com', 1, 0, '2018-09-28 08:36:08', '2018-09-28 09:19:15', '2016-05-03 15:17:28', 'MKT', 'MAD', 'ea16bbd9-0590-11e8-9702-ac220b');
INSERT INTO `users` VALUES (1008, 'User Cetak', 'cetak_barcode', 'b8d300533f13712bfc83241fad26eac72db9bd5d', 'cetak@wahanaartha.com', 1, 0, '2018-08-28 10:23:37', '2018-08-28 10:27:34', '2017-07-27 11:59:49', '', NULL, NULL);
INSERT INTO `users` VALUES (1014, 'rindy', 'rindy', 'b8d300533f13712bfc83241fad26eac72db9bd5d', 'rindy@wahanaartha.com', 1, 0, '2018-09-26 11:06:28', '2018-09-26 11:06:42', '2018-07-03 15:35:10', 'MKT', NULL, NULL);

-- ----------------------------
-- Table structure for wilayah
-- ----------------------------
DROP TABLE IF EXISTS `wilayah`;
CREATE TABLE `wilayah`  (
  `id` char(36) CHARACTER SET latin1 COLLATE latin1_swedish_ci NOT NULL,
  `no_wil` varchar(3) CHARACTER SET latin1 COLLATE latin1_swedish_ci NULL DEFAULT NULL,
  `nm_wil` varchar(30) CHARACTER SET latin1 COLLATE latin1_swedish_ci NULL DEFAULT NULL,
  `jkt_tng` varchar(1) CHARACTER SET latin1 COLLATE latin1_swedish_ci NULL DEFAULT NULL,
  `no_sa` varchar(5) CHARACTER SET latin1 COLLATE latin1_swedish_ci NULL DEFAULT NULL,
  PRIMARY KEY (`id`) USING BTREE
) ENGINE = MyISAM CHARACTER SET = latin1 COLLATE = latin1_swedish_ci ROW_FORMAT = Dynamic;

-- ----------------------------
-- Records of wilayah
-- ----------------------------
INSERT INTO `wilayah` VALUES ('dff4e9c0-3fdc-11e5-82aa-005056b25997', '10', 'JAKARTA PUSAT', '1', 'AAF');
INSERT INTO `wilayah` VALUES ('e448214a-3fdc-11e5-82aa-005056b25997', '11', 'JAKARTA BARAT', '1', 'JYA');
INSERT INTO `wilayah` VALUES ('e84ec8c0-3fdc-11e5-82aa-005056b25997', '12', 'JAKARTA SELATAN', '1', 'MAC');
INSERT INTO `wilayah` VALUES ('eb62afcc-3fdc-11e5-82aa-005056b25997', '13', 'JAKARTA TIMUR', '1', 'REZ');
INSERT INTO `wilayah` VALUES ('ee4391f2-3fdc-11e5-82aa-005056b25997', '14', 'JAKARTA UTARA', '1', 'AAF');
INSERT INTO `wilayah` VALUES ('f176797a-3fdc-11e5-82aa-005056b25997', '151', 'KODYA TANGERANG', '2', 'LSU');
INSERT INTO `wilayah` VALUES ('f418956e-3fdc-11e5-82aa-005056b25997', '152', 'KABUPATEN TANGERANG', '2', 'RTH');
INSERT INTO `wilayah` VALUES ('f722fa4c-3fdc-11e5-82aa-005056b25997', '153', 'TANGERANG SELATAN', '2', 'MAD');

SET FOREIGN_KEY_CHECKS = 1;
